sample_name	library_ID	title	host	DNA_extraction_kit	library_strategy	library_source	library_selection	library_layout	platform	instrument_model	run_id	run_date	design_description	filetype	filename	filename2	filename3	filename4	assembly	fasta_file	geo_loc_name_country	lat_lon	collection_date	sample_id	mouse_id	genotype	treatment	sex	age_weeks	cage	cohort	subcohort	unitn_file_paths	uuid	study_name
CALTEC-001-1W-F	CALTEC-001-1W-F	Mouse fecal metagenome of Faecalibacterium prausnitzii cohort: WT control	Mus musculus	QIAamp PowerFecal Pro	WGS	METAGENOMIC	RANDOM	paired	ILLUMINA	Illumina NovaSeq X Plus	435	3/7/25	"DNA was isolated from one mouse stool sample pellet using the Qiagen QIAamp PowerFecal Pro kit following the manufacturers protocol. Libraries were prepared using the Illumina DNA Prep, (M) Tagmentation (96 Samples, IPB) kit (Illumina, #20060059). Sequencing was performed using Illumina NovaSeq X Plus aiming for 70 million reads per sample, with mean read length of 150 base pairs. Library preparation and Sequencing was performed by Prebiomics. Fastq files were uniformly processed using the curatedMetagenomicsNextflow pipeline (https://github.com/seandavi/curatedMetagenomicsNextflow) specifying the mouse reference genome in Trimmomatic."	fastq							USA	34.1374596;-118.1268371	24-Oct	1W-F	2272	WT	Vehicle	Male	18	1	Fp7	Fp7-1	/shares/CIBIO-Storage/CM/scratch/data/meta/CM_caltec_001_1024/CALTEC-001-1W-F/CALTEC-001-1W-F_R1.fastq.gz;/shares/CIBIO-Storage/CM/scratch/data/meta/CM_caltec_001_1024/CALTEC-001-1W-F/CALTEC-001-1W-F_R2.fastq.gz;	5c7657ee-666d-4545-a5f4-e3b97972700c	MazmanianS_MoiseyenkoA
CALTEC-001-2W-F	CALTEC-001-2W-F	Mouse fecal metagenome of Faecalibacterium prausnitzii cohort: WT control	Mus musculus	QIAamp PowerFecal Pro	WGS	METAGENOMIC	RANDOM	paired	ILLUMINA	Illumina NovaSeq X Plus	435	3/7/25	"DNA was isolated from one mouse stool sample pellet using the Qiagen QIAamp PowerFecal Pro kit following the manufacturers protocol. Libraries were prepared using the Illumina DNA Prep, (M) Tagmentation (96 Samples, IPB) kit (Illumina, #20060059). Sequencing was performed using Illumina NovaSeq X Plus aiming for 70 million reads per sample, with mean read length of 150 base pairs. Library preparation and Sequencing was performed by Prebiomics. Fastq files were uniformly processed using the curatedMetagenomicsNextflow pipeline (https://github.com/seandavi/curatedMetagenomicsNextflow) specifying the mouse reference genome in Trimmomatic."	fastq							USA	34.1374596;-118.1268372	24-Oct	2W-F	2273	WT	Vehicle	Male	18	1	Fp7	Fp7-1	/shares/CIBIO-Storage/CM/scratch/data/meta/CM_caltec_001_1024/CALTEC-001-2W-F/CALTEC-001-2W-F_R1.fastq.gz;/shares/CIBIO-Storage/CM/scratch/data/meta/CM_caltec_001_1024/CALTEC-001-2W-F/CALTEC-001-2W-F_R2.fastq.gz;	ef1f9867-c5fc-4ba0-838d-848b58467b10	MazmanianS_MoiseyenkoA
CALTEC-001-3W-F	CALTEC-001-3W-F	Mouse fecal metagenome of Faecalibacterium prausnitzii cohort: WT control	Mus musculus	QIAamp PowerFecal Pro	WGS	METAGENOMIC	RANDOM	paired	ILLUMINA	Illumina NovaSeq X Plus	435	3/7/25	"DNA was isolated from one mouse stool sample pellet using the Qiagen QIAamp PowerFecal Pro kit following the manufacturers protocol. Libraries were prepared using the Illumina DNA Prep, (M) Tagmentation (96 Samples, IPB) kit (Illumina, #20060059). Sequencing was performed using Illumina NovaSeq X Plus aiming for 70 million reads per sample, with mean read length of 150 base pairs. Library preparation and Sequencing was performed by Prebiomics. Fastq files were uniformly processed using the curatedMetagenomicsNextflow pipeline (https://github.com/seandavi/curatedMetagenomicsNextflow) specifying the mouse reference genome in Trimmomatic."	fastq							USA	34.1374596;-118.1268372	24-Oct	3W-F	2302	WT	Vehicle	Male	18	2	Fp7	Fp7-1	/shares/CIBIO-Storage/CM/scratch/data/meta/CM_caltec_001_1024/CALTEC-001-3W-F/CALTEC-001-3W-F_R1.fastq.gz;/shares/CIBIO-Storage/CM/scratch/data/meta/CM_caltec_001_1024/CALTEC-001-3W-F/CALTEC-001-3W-F_R2.fastq.gz;	d479236c-8606-41ad-b8e4-006d816e0494	MazmanianS_MoiseyenkoA
CALTEC-001-4W-F	CALTEC-001-4W-F	Mouse fecal metagenome of Faecalibacterium prausnitzii cohort: WT control	Mus musculus	QIAamp PowerFecal Pro	WGS	METAGENOMIC	RANDOM	paired	ILLUMINA	Illumina NovaSeq X Plus	435	3/7/25	"DNA was isolated from one mouse stool sample pellet using the Qiagen QIAamp PowerFecal Pro kit following the manufacturers protocol. Libraries were prepared using the Illumina DNA Prep, (M) Tagmentation (96 Samples, IPB) kit (Illumina, #20060059). Sequencing was performed using Illumina NovaSeq X Plus aiming for 70 million reads per sample, with mean read length of 150 base pairs. Library preparation and Sequencing was performed by Prebiomics. Fastq files were uniformly processed using the curatedMetagenomicsNextflow pipeline (https://github.com/seandavi/curatedMetagenomicsNextflow) specifying the mouse reference genome in Trimmomatic."	fastq							USA	34.1374596;-118.1268372	24-Oct	4W-F	2304	WT	Vehicle	Male	18	3	Fp7	Fp7-1	/shares/CIBIO-Storage/CM/scratch/data/meta/CM_caltec_001_1024/CALTEC-001-4W-F/CALTEC-001-4W-F_R1.fastq.gz;/shares/CIBIO-Storage/CM/scratch/data/meta/CM_caltec_001_1024/CALTEC-001-4W-F/CALTEC-001-4W-F_R2.fastq.gz;	612c986d-545e-45af-8807-2df49f08a01a	MazmanianS_MoiseyenkoA
CALTEC-001-5W-F	CALTEC-001-5W-F	Mouse fecal metagenome of Faecalibacterium prausnitzii cohort: WT control	Mus musculus	QIAamp PowerFecal Pro	WGS	METAGENOMIC	RANDOM	paired	ILLUMINA	Illumina NovaSeq X Plus	435	3/7/25	"DNA was isolated from one mouse stool sample pellet using the Qiagen QIAamp PowerFecal Pro kit following the manufacturers protocol. Libraries were prepared using the Illumina DNA Prep, (M) Tagmentation (96 Samples, IPB) kit (Illumina, #20060059). Sequencing was performed using Illumina NovaSeq X Plus aiming for 70 million reads per sample, with mean read length of 150 base pairs. Library preparation and Sequencing was performed by Prebiomics. Fastq files were uniformly processed using the curatedMetagenomicsNextflow pipeline (https://github.com/seandavi/curatedMetagenomicsNextflow) specifying the mouse reference genome in Trimmomatic."	fastq							USA	34.1374596;-118.1268372	24-Oct	5W-F	2306	WT	Vehicle	Male	18	3	Fp7	Fp7-1	/shares/CIBIO-Storage/CM/scratch/data/meta/CM_caltec_001_1024/CALTEC-001-5W-F/CALTEC-001-5W-F_R1.fastq.gz;/shares/CIBIO-Storage/CM/scratch/data/meta/CM_caltec_001_1024/CALTEC-001-5W-F/CALTEC-001-5W-F_R2.fastq.gz;	0d28bae3-3b00-457b-a62c-3d9edb9fae8a	MazmanianS_MoiseyenkoA
CALTEC-001-6W-F	CALTEC-001-6W-F	Mouse fecal metagenome of Faecalibacterium prausnitzii cohort: WT control	Mus musculus	QIAamp PowerFecal Pro	WGS	METAGENOMIC	RANDOM	paired	ILLUMINA	Illumina NovaSeq X Plus	435	3/7/25	"DNA was isolated from one mouse stool sample pellet using the Qiagen QIAamp PowerFecal Pro kit following the manufacturers protocol. Libraries were prepared using the Illumina DNA Prep, (M) Tagmentation (96 Samples, IPB) kit (Illumina, #20060059). Sequencing was performed using Illumina NovaSeq X Plus aiming for 70 million reads per sample, with mean read length of 150 base pairs. Library preparation and Sequencing was performed by Prebiomics. Fastq files were uniformly processed using the curatedMetagenomicsNextflow pipeline (https://github.com/seandavi/curatedMetagenomicsNextflow) specifying the mouse reference genome in Trimmomatic."	fastq							USA	34.1374596;-118.1268372	24-Oct	6W-F	2303	WT	Vehicle	Male	18	2	Fp7	Fp7-1	/shares/CIBIO-Storage/CM/scratch/data/meta/CM_caltec_001_1024/CALTEC-001-6W-F/CALTEC-001-6W-F_R1.fastq.gz;/shares/CIBIO-Storage/CM/scratch/data/meta/CM_caltec_001_1024/CALTEC-001-6W-F/CALTEC-001-6W-F_R2.fastq.gz;	adbacf26-5d01-459f-86e0-1967c4c3c9eb	MazmanianS_MoiseyenkoA
CALTEC-001-7W-F	CALTEC-001-7W-F	Mouse fecal metagenome of Faecalibacterium prausnitzii cohort: WT control	Mus musculus	QIAamp PowerFecal Pro	WGS	METAGENOMIC	RANDOM	paired	ILLUMINA	Illumina NovaSeq X Plus	435	3/7/25	"DNA was isolated from one mouse stool sample pellet using the Qiagen QIAamp PowerFecal Pro kit following the manufacturers protocol. Libraries were prepared using the Illumina DNA Prep, (M) Tagmentation (96 Samples, IPB) kit (Illumina, #20060059). Sequencing was performed using Illumina NovaSeq X Plus aiming for 70 million reads per sample, with mean read length of 150 base pairs. Library preparation and Sequencing was performed by Prebiomics. Fastq files were uniformly processed using the curatedMetagenomicsNextflow pipeline (https://github.com/seandavi/curatedMetagenomicsNextflow) specifying the mouse reference genome in Trimmomatic."	fastq							USA	34.1374596;-118.1268372	24-Oct	7W-F	2311	WT	Vehicle	Male	18	14	Fp7	Fp7-2	/shares/CIBIO-Storage/CM/scratch/data/meta/CM_caltec_001_1024/CALTEC-001-7W-F/CALTEC-001-7W-F_R1.fastq.gz;/shares/CIBIO-Storage/CM/scratch/data/meta/CM_caltec_001_1024/CALTEC-001-7W-F/CALTEC-001-7W-F_R2.fastq.gz;	d25be762-5047-437f-a749-1049b8be57a3	MazmanianS_MoiseyenkoA
CALTEC-001-8W-F	CALTEC-001-8W-F	Mouse fecal metagenome of Faecalibacterium prausnitzii cohort: WT control	Mus musculus	QIAamp PowerFecal Pro	WGS	METAGENOMIC	RANDOM	paired	ILLUMINA	Illumina NovaSeq X Plus	435	3/7/25	"DNA was isolated from one mouse stool sample pellet using the Qiagen QIAamp PowerFecal Pro kit following the manufacturers protocol. Libraries were prepared using the Illumina DNA Prep, (M) Tagmentation (96 Samples, IPB) kit (Illumina, #20060059). Sequencing was performed using Illumina NovaSeq X Plus aiming for 70 million reads per sample, with mean read length of 150 base pairs. Library preparation and Sequencing was performed by Prebiomics. Fastq files were uniformly processed using the curatedMetagenomicsNextflow pipeline (https://github.com/seandavi/curatedMetagenomicsNextflow) specifying the mouse reference genome in Trimmomatic."	fastq							USA	34.1374596;-118.1268372	24-Oct	8W-F	2314	WT	Vehicle	Male	18	14	Fp7	Fp7-2	/shares/CIBIO-Storage/CM/scratch/data/meta/CM_caltec_001_1024/CALTEC-001-8W-F/CALTEC-001-8W-F_R1.fastq.gz;/shares/CIBIO-Storage/CM/scratch/data/meta/CM_caltec_001_1024/CALTEC-001-8W-F/CALTEC-001-8W-F_R2.fastq.gz;	4f381a59-5b94-4500-a3e0-66a29d472108	MazmanianS_MoiseyenkoA
CALTEC-001-1C-F	CALTEC-001-1C-F	Mouse fecal metagenome of Faecalibacterium prausnitzii cohort: ASO control	Mus musculus	QIAamp PowerFecal Pro	WGS	METAGENOMIC	RANDOM	paired	ILLUMINA	Illumina NovaSeq X Plus	435	3/7/25	"DNA was isolated from one mouse stool sample pellet using the Qiagen QIAamp PowerFecal Pro kit following the manufacturers protocol. Libraries were prepared using the Illumina DNA Prep, (M) Tagmentation (96 Samples, IPB) kit (Illumina, #20060059). Sequencing was performed using Illumina NovaSeq X Plus aiming for 70 million reads per sample, with mean read length of 150 base pairs. Library preparation and Sequencing was performed by Prebiomics. Fastq files were uniformly processed using the curatedMetagenomicsNextflow pipeline (https://github.com/seandavi/curatedMetagenomicsNextflow) specifying the mouse reference genome in Trimmomatic."	fastq							USA	34.1374596;-118.1268372	24-Oct	1C-F	2267	ASO	Vehicle	Male	18	4	Fp7	Fp7-1	/shares/CIBIO-Storage/CM/scratch/data/meta/CM_caltec_001_1024/CALTEC-001-1C-F/CALTEC-001-1C-F_R1.fastq.gz;/shares/CIBIO-Storage/CM/scratch/data/meta/CM_caltec_001_1024/CALTEC-001-1C-F/CALTEC-001-1C-F_R2.fastq.gz;	76bc6a3b-9d77-4a38-a663-d1472b59c043	MazmanianS_MoiseyenkoA
CALTEC-001-2C-F	CALTEC-001-2C-F	Mouse fecal metagenome of Faecalibacterium prausnitzii cohort: ASO control	Mus musculus	QIAamp PowerFecal Pro	WGS	METAGENOMIC	RANDOM	paired	ILLUMINA	Illumina NovaSeq X Plus	435	3/7/25	"DNA was isolated from one mouse stool sample pellet using the Qiagen QIAamp PowerFecal Pro kit following the manufacturers protocol. Libraries were prepared using the Illumina DNA Prep, (M) Tagmentation (96 Samples, IPB) kit (Illumina, #20060059). Sequencing was performed using Illumina NovaSeq X Plus aiming for 70 million reads per sample, with mean read length of 150 base pairs. Library preparation and Sequencing was performed by Prebiomics. Fastq files were uniformly processed using the curatedMetagenomicsNextflow pipeline (https://github.com/seandavi/curatedMetagenomicsNextflow) specifying the mouse reference genome in Trimmomatic."	fastq							USA	34.1374596;-118.1268372	24-Oct	2C-F	2268	ASO	Vehicle	Male	18	4	Fp7	Fp7-1	/shares/CIBIO-Storage/CM/scratch/data/meta/CM_caltec_001_1024/CALTEC-001-2C-F/CALTEC-001-2C-F_R1.fastq.gz;/shares/CIBIO-Storage/CM/scratch/data/meta/CM_caltec_001_1024/CALTEC-001-2C-F/CALTEC-001-2C-F_R2.fastq.gz;	dfc17ebb-83f0-4a37-a961-974e60e5f57e	MazmanianS_MoiseyenkoA
CALTEC-001-3C-F	CALTEC-001-3C-F	Mouse fecal metagenome of Faecalibacterium prausnitzii cohort: ASO control	Mus musculus	QIAamp PowerFecal Pro	WGS	METAGENOMIC	RANDOM	paired	ILLUMINA	Illumina NovaSeq X Plus	435	3/7/25	"DNA was isolated from one mouse stool sample pellet using the Qiagen QIAamp PowerFecal Pro kit following the manufacturers protocol. Libraries were prepared using the Illumina DNA Prep, (M) Tagmentation (96 Samples, IPB) kit (Illumina, #20060059). Sequencing was performed using Illumina NovaSeq X Plus aiming for 70 million reads per sample, with mean read length of 150 base pairs. Library preparation and Sequencing was performed by Prebiomics. Fastq files were uniformly processed using the curatedMetagenomicsNextflow pipeline (https://github.com/seandavi/curatedMetagenomicsNextflow) specifying the mouse reference genome in Trimmomatic."	fastq							USA	34.1374596;-118.1268372	24-Oct	3C-F	2289	ASO	Vehicle	Male	18	5	Fp7	Fp7-1	/shares/CIBIO-Storage/CM/scratch/data/meta/CM_caltec_001_1024/CALTEC-001-3C-F/CALTEC-001-3C-F_R1.fastq.gz;/shares/CIBIO-Storage/CM/scratch/data/meta/CM_caltec_001_1024/CALTEC-001-3C-F/CALTEC-001-3C-F_R2.fastq.gz;	2bcd07f9-960c-4bf9-a147-93daa514d7e8	MazmanianS_MoiseyenkoA
CALTEC-001-4C-F	CALTEC-001-4C-F	Mouse fecal metagenome of Faecalibacterium prausnitzii cohort: ASO control	Mus musculus	QIAamp PowerFecal Pro	WGS	METAGENOMIC	RANDOM	paired	ILLUMINA	Illumina NovaSeq X Plus	435	3/7/25	"DNA was isolated from one mouse stool sample pellet using the Qiagen QIAamp PowerFecal Pro kit following the manufacturers protocol. Libraries were prepared using the Illumina DNA Prep, (M) Tagmentation (96 Samples, IPB) kit (Illumina, #20060059). Sequencing was performed using Illumina NovaSeq X Plus aiming for 70 million reads per sample, with mean read length of 150 base pairs. Library preparation and Sequencing was performed by Prebiomics. Fastq files were uniformly processed using the curatedMetagenomicsNextflow pipeline (https://github.com/seandavi/curatedMetagenomicsNextflow) specifying the mouse reference genome in Trimmomatic."	fastq							USA	34.1374596;-118.1268372	24-Oct	4C-F	2290	ASO	Vehicle	Male	18	5	Fp7	Fp7-1	/shares/CIBIO-Storage/CM/scratch/data/meta/CM_caltec_001_1024/CALTEC-001-4C-F/CALTEC-001-4C-F_R1.fastq.gz;/shares/CIBIO-Storage/CM/scratch/data/meta/CM_caltec_001_1024/CALTEC-001-4C-F/CALTEC-001-4C-F_R2.fastq.gz;	fdb23de2-cc37-43b6-97a7-b63fa41b3fd2	MazmanianS_MoiseyenkoA
CALTEC-001-5C-F	CALTEC-001-5C-F	Mouse fecal metagenome of Faecalibacterium prausnitzii cohort: ASO control	Mus musculus	QIAamp PowerFecal Pro	WGS	METAGENOMIC	RANDOM	paired	ILLUMINA	Illumina NovaSeq X Plus	435	3/7/25	"DNA was isolated from one mouse stool sample pellet using the Qiagen QIAamp PowerFecal Pro kit following the manufacturers protocol. Libraries were prepared using the Illumina DNA Prep, (M) Tagmentation (96 Samples, IPB) kit (Illumina, #20060059). Sequencing was performed using Illumina NovaSeq X Plus aiming for 70 million reads per sample, with mean read length of 150 base pairs. Library preparation and Sequencing was performed by Prebiomics. Fastq files were uniformly processed using the curatedMetagenomicsNextflow pipeline (https://github.com/seandavi/curatedMetagenomicsNextflow) specifying the mouse reference genome in Trimmomatic."	fastq							USA	34.1374596;-118.1268372	24-Oct	5C-F	2298	ASO	Vehicle	Male	18	6	Fp7	Fp7-1	/shares/CIBIO-Storage/CM/scratch/data/meta/CM_caltec_001_1024/CALTEC-001-5C-F/CALTEC-001-5C-F_R1.fastq.gz;/shares/CIBIO-Storage/CM/scratch/data/meta/CM_caltec_001_1024/CALTEC-001-5C-F/CALTEC-001-5C-F_R2.fastq.gz;	bec7eb37-dfcd-41d9-bdfc-0bc5ba8f8330	MazmanianS_MoiseyenkoA
CALTEC-001-6C-F	CALTEC-001-6C-F	Mouse fecal metagenome of Faecalibacterium prausnitzii cohort: ASO control	Mus musculus	QIAamp PowerFecal Pro	WGS	METAGENOMIC	RANDOM	paired	ILLUMINA	Illumina NovaSeq X Plus	435	3/7/25	"DNA was isolated from one mouse stool sample pellet using the Qiagen QIAamp PowerFecal Pro kit following the manufacturers protocol. Libraries were prepared using the Illumina DNA Prep, (M) Tagmentation (96 Samples, IPB) kit (Illumina, #20060059). Sequencing was performed using Illumina NovaSeq X Plus aiming for 70 million reads per sample, with mean read length of 150 base pairs. Library preparation and Sequencing was performed by Prebiomics. Fastq files were uniformly processed using the curatedMetagenomicsNextflow pipeline (https://github.com/seandavi/curatedMetagenomicsNextflow) specifying the mouse reference genome in Trimmomatic."	fastq							USA	34.1374596;-118.1268372	24-Oct	6C-F	2297	ASO	Vehicle	Male	18	6	Fp7	Fp7-1	/shares/CIBIO-Storage/CM/scratch/data/meta/CM_caltec_001_1024/CALTEC-001-6C-F/CALTEC-001-6C-F_R1.fastq.gz;/shares/CIBIO-Storage/CM/scratch/data/meta/CM_caltec_001_1024/CALTEC-001-6C-F/CALTEC-001-6C-F_R2.fastq.gz;	36ff5b45-340f-4508-97f8-2db37a2c0c1a	MazmanianS_MoiseyenkoA
CALTEC-001-7C-F	CALTEC-001-7C-F	Mouse fecal metagenome of Faecalibacterium prausnitzii cohort: ASO control	Mus musculus	QIAamp PowerFecal Pro	WGS	METAGENOMIC	RANDOM	paired	ILLUMINA	Illumina NovaSeq X Plus	435	3/7/25	"DNA was isolated from one mouse stool sample pellet using the Qiagen QIAamp PowerFecal Pro kit following the manufacturers protocol. Libraries were prepared using the Illumina DNA Prep, (M) Tagmentation (96 Samples, IPB) kit (Illumina, #20060059). Sequencing was performed using Illumina NovaSeq X Plus aiming for 70 million reads per sample, with mean read length of 150 base pairs. Library preparation and Sequencing was performed by Prebiomics. Fastq files were uniformly processed using the curatedMetagenomicsNextflow pipeline (https://github.com/seandavi/curatedMetagenomicsNextflow) specifying the mouse reference genome in Trimmomatic."	fastq							USA	34.1374596;-118.1268372	24-Oct	7C-F	2307	ASO	Vehicle	Male	18	7	Fp7	Fp7-1	/shares/CIBIO-Storage/CM/scratch/data/meta/CM_caltec_001_1024/CALTEC-001-7C-F/CALTEC-001-7C-F_R1.fastq.gz;/shares/CIBIO-Storage/CM/scratch/data/meta/CM_caltec_001_1024/CALTEC-001-7C-F/CALTEC-001-7C-F_R2.fastq.gz;	0fe3ff8e-33c6-4901-8926-4a941a907c76	MazmanianS_MoiseyenkoA
CALTEC-001-8C-F	CALTEC-001-8C-F	Mouse fecal metagenome of Faecalibacterium prausnitzii cohort: ASO control	Mus musculus	QIAamp PowerFecal Pro	WGS	METAGENOMIC	RANDOM	paired	ILLUMINA	Illumina NovaSeq X Plus	435	3/7/25	"DNA was isolated from one mouse stool sample pellet using the Qiagen QIAamp PowerFecal Pro kit following the manufacturers protocol. Libraries were prepared using the Illumina DNA Prep, (M) Tagmentation (96 Samples, IPB) kit (Illumina, #20060059). Sequencing was performed using Illumina NovaSeq X Plus aiming for 70 million reads per sample, with mean read length of 150 base pairs. Library preparation and Sequencing was performed by Prebiomics. Fastq files were uniformly processed using the curatedMetagenomicsNextflow pipeline (https://github.com/seandavi/curatedMetagenomicsNextflow) specifying the mouse reference genome in Trimmomatic."	fastq							USA	34.1374596;-118.1268372	24-Oct	8C-F	2308	ASO	Vehicle	Male	18	7	Fp7	Fp7-1	/shares/CIBIO-Storage/CM/scratch/data/meta/CM_caltec_001_1024/CALTEC-001-8C-F/CALTEC-001-8C-F_R1.fastq.gz;/shares/CIBIO-Storage/CM/scratch/data/meta/CM_caltec_001_1024/CALTEC-001-8C-F/CALTEC-001-8C-F_R2.fastq.gz;	b1c1e4d6-33bc-4e44-b0ac-1dee48a9c90b	MazmanianS_MoiseyenkoA
CALTEC-001-1F-F	CALTEC-001-1F-F	Mouse fecal metagenome of Faecalibacterium prausnitzii cohort: ASO treated	Mus musculus	QIAamp PowerFecal Pro	WGS	METAGENOMIC	RANDOM	paired	ILLUMINA	Illumina NovaSeq X Plus	435	3/7/25	"DNA was isolated from one mouse stool sample pellet using the Qiagen QIAamp PowerFecal Pro kit following the manufacturers protocol. Libraries were prepared using the Illumina DNA Prep, (M) Tagmentation (96 Samples, IPB) kit (Illumina, #20060059). Sequencing was performed using Illumina NovaSeq X Plus aiming for 70 million reads per sample, with mean read length of 150 base pairs. Library preparation and Sequencing was performed by Prebiomics. Fastq files were uniformly processed using the curatedMetagenomicsNextflow pipeline (https://github.com/seandavi/curatedMetagenomicsNextflow) specifying the mouse reference genome in Trimmomatic."	fastq							USA	34.1374596;-118.1268372	24-Oct	1F-F	2276	ASO	Fp	Male	18	9	Fp7	Fp7-1	/shares/CIBIO-Storage/CM/scratch/data/meta/CM_caltec_001_1024/CALTEC-001-1F-F/CALTEC-001-1F-F_R1.fastq.gz;/shares/CIBIO-Storage/CM/scratch/data/meta/CM_caltec_001_1024/CALTEC-001-1F-F/CALTEC-001-1F-F_R2.fastq.gz;	fd90b87b-1ece-4b8b-8bac-a373b6bfc0d2	MazmanianS_MoiseyenkoA
CALTEC-001-2F-F	CALTEC-001-2F-F	Mouse fecal metagenome of Faecalibacterium prausnitzii cohort: ASO treated	Mus musculus	QIAamp PowerFecal Pro	WGS	METAGENOMIC	RANDOM	paired	ILLUMINA	Illumina NovaSeq X Plus	435	3/7/25	"DNA was isolated from one mouse stool sample pellet using the Qiagen QIAamp PowerFecal Pro kit following the manufacturers protocol. Libraries were prepared using the Illumina DNA Prep, (M) Tagmentation (96 Samples, IPB) kit (Illumina, #20060059). Sequencing was performed using Illumina NovaSeq X Plus aiming for 70 million reads per sample, with mean read length of 150 base pairs. Library preparation and Sequencing was performed by Prebiomics. Fastq files were uniformly processed using the curatedMetagenomicsNextflow pipeline (https://github.com/seandavi/curatedMetagenomicsNextflow) specifying the mouse reference genome in Trimmomatic."	fastq							USA	34.1374596;-118.1268372	24-Oct	2F-F	2277	ASO	Fp	Male	18	9	Fp7	Fp7-1	/shares/CIBIO-Storage/CM/scratch/data/meta/CM_caltec_001_1024/CALTEC-001-2F-F/CALTEC-001-2F-F_R1.fastq.gz;/shares/CIBIO-Storage/CM/scratch/data/meta/CM_caltec_001_1024/CALTEC-001-2F-F/CALTEC-001-2F-F_R2.fastq.gz;	8cafea18-38fb-4044-aa6e-e3575baf4f75	MazmanianS_MoiseyenkoA
CALTEC-001-3F-F	CALTEC-001-3F-F	Mouse fecal metagenome of Faecalibacterium prausnitzii cohort: ASO treated	Mus musculus	QIAamp PowerFecal Pro	WGS	METAGENOMIC	RANDOM	paired	ILLUMINA	Illumina NovaSeq X Plus	435	3/7/25	"DNA was isolated from one mouse stool sample pellet using the Qiagen QIAamp PowerFecal Pro kit following the manufacturers protocol. Libraries were prepared using the Illumina DNA Prep, (M) Tagmentation (96 Samples, IPB) kit (Illumina, #20060059). Sequencing was performed using Illumina NovaSeq X Plus aiming for 70 million reads per sample, with mean read length of 150 base pairs. Library preparation and Sequencing was performed by Prebiomics. Fastq files were uniformly processed using the curatedMetagenomicsNextflow pipeline (https://github.com/seandavi/curatedMetagenomicsNextflow) specifying the mouse reference genome in Trimmomatic."	fastq							USA	34.1374596;-118.1268372	24-Oct	3F-F	2280	ASO	Fp	Male	18	10	Fp7	Fp7-1	/shares/CIBIO-Storage/CM/scratch/data/meta/CM_caltec_001_1024/CALTEC-001-3F-F/CALTEC-001-3F-F_R1.fastq.gz;/shares/CIBIO-Storage/CM/scratch/data/meta/CM_caltec_001_1024/CALTEC-001-3F-F/CALTEC-001-3F-F_R2.fastq.gz;	9e528736-741f-4de9-9adf-e99566a3ec5c	MazmanianS_MoiseyenkoA
CALTEC-001-4F-F	CALTEC-001-4F-F	Mouse fecal metagenome of Faecalibacterium prausnitzii cohort: ASO treated	Mus musculus	QIAamp PowerFecal Pro	WGS	METAGENOMIC	RANDOM	paired	ILLUMINA	Illumina NovaSeq X Plus	435	3/7/25	"DNA was isolated from one mouse stool sample pellet using the Qiagen QIAamp PowerFecal Pro kit following the manufacturers protocol. Libraries were prepared using the Illumina DNA Prep, (M) Tagmentation (96 Samples, IPB) kit (Illumina, #20060059). Sequencing was performed using Illumina NovaSeq X Plus aiming for 70 million reads per sample, with mean read length of 150 base pairs. Library preparation and Sequencing was performed by Prebiomics. Fastq files were uniformly processed using the curatedMetagenomicsNextflow pipeline (https://github.com/seandavi/curatedMetagenomicsNextflow) specifying the mouse reference genome in Trimmomatic."	fastq							USA	34.1374596;-118.1268372	24-Oct	4F-F	2281	ASO	Fp	Male	18	10	Fp7	Fp7-1	/shares/CIBIO-Storage/CM/scratch/data/meta/CM_caltec_001_1024/CALTEC-001-4F-F/CALTEC-001-4F-F_R1.fastq.gz;/shares/CIBIO-Storage/CM/scratch/data/meta/CM_caltec_001_1024/CALTEC-001-4F-F/CALTEC-001-4F-F_R2.fastq.gz;	e35b993e-9261-4c7c-ac5d-5598630adf6f	MazmanianS_MoiseyenkoA
CALTEC-001-5F-F	CALTEC-001-5F-F	Mouse fecal metagenome of Faecalibacterium prausnitzii cohort: ASO treated	Mus musculus	QIAamp PowerFecal Pro	WGS	METAGENOMIC	RANDOM	paired	ILLUMINA	Illumina NovaSeq X Plus	435	3/7/25	"DNA was isolated from one mouse stool sample pellet using the Qiagen QIAamp PowerFecal Pro kit following the manufacturers protocol. Libraries were prepared using the Illumina DNA Prep, (M) Tagmentation (96 Samples, IPB) kit (Illumina, #20060059). Sequencing was performed using Illumina NovaSeq X Plus aiming for 70 million reads per sample, with mean read length of 150 base pairs. Library preparation and Sequencing was performed by Prebiomics. Fastq files were uniformly processed using the curatedMetagenomicsNextflow pipeline (https://github.com/seandavi/curatedMetagenomicsNextflow) specifying the mouse reference genome in Trimmomatic."	fastq							USA	34.1374596;-118.1268372	24-Oct	5F-F	2285	ASO	Fp	Male	18	11	Fp7	Fp7-1	/shares/CIBIO-Storage/CM/scratch/data/meta/CM_caltec_001_1024/CALTEC-001-5F-F/CALTEC-001-5F-F_R1.fastq.gz;/shares/CIBIO-Storage/CM/scratch/data/meta/CM_caltec_001_1024/CALTEC-001-5F-F/CALTEC-001-5F-F_R2.fastq.gz;	69d5e82f-530b-4de1-b71c-d97e4fee1b23	MazmanianS_MoiseyenkoA
CALTEC-001-6F-F	CALTEC-001-6F-F	Mouse fecal metagenome of Faecalibacterium prausnitzii cohort: ASO treated	Mus musculus	QIAamp PowerFecal Pro	WGS	METAGENOMIC	RANDOM	paired	ILLUMINA	Illumina NovaSeq X Plus	435	3/7/25	"DNA was isolated from one mouse stool sample pellet using the Qiagen QIAamp PowerFecal Pro kit following the manufacturers protocol. Libraries were prepared using the Illumina DNA Prep, (M) Tagmentation (96 Samples, IPB) kit (Illumina, #20060059). Sequencing was performed using Illumina NovaSeq X Plus aiming for 70 million reads per sample, with mean read length of 150 base pairs. Library preparation and Sequencing was performed by Prebiomics. Fastq files were uniformly processed using the curatedMetagenomicsNextflow pipeline (https://github.com/seandavi/curatedMetagenomicsNextflow) specifying the mouse reference genome in Trimmomatic."	fastq							USA	34.1374596;-118.1268372	24-Oct	6F-F	2284	ASO	Fp	Male	18	11	Fp7	Fp7-1	/shares/CIBIO-Storage/CM/scratch/data/meta/CM_caltec_001_1024/CALTEC-001-6F-F/CALTEC-001-6F-F_R1.fastq.gz;/shares/CIBIO-Storage/CM/scratch/data/meta/CM_caltec_001_1024/CALTEC-001-6F-F/CALTEC-001-6F-F_R2.fastq.gz;	8026eead-3968-4929-8ac4-126ead00a55d	MazmanianS_MoiseyenkoA
CALTEC-001-7F-F	CALTEC-001-7F-F	Mouse fecal metagenome of Faecalibacterium prausnitzii cohort: ASO treated	Mus musculus	QIAamp PowerFecal Pro	WGS	METAGENOMIC	RANDOM	paired	ILLUMINA	Illumina NovaSeq X Plus	435	3/7/25	"DNA was isolated from one mouse stool sample pellet using the Qiagen QIAamp PowerFecal Pro kit following the manufacturers protocol. Libraries were prepared using the Illumina DNA Prep, (M) Tagmentation (96 Samples, IPB) kit (Illumina, #20060059). Sequencing was performed using Illumina NovaSeq X Plus aiming for 70 million reads per sample, with mean read length of 150 base pairs. Library preparation and Sequencing was performed by Prebiomics. Fastq files were uniformly processed using the curatedMetagenomicsNextflow pipeline (https://github.com/seandavi/curatedMetagenomicsNextflow) specifying the mouse reference genome in Trimmomatic."	fastq							USA	34.1374596;-118.1268372	24-Oct	7F-F	2312	ASO	Fp	Male	18	12	Fp7	Fp7-1	/shares/CIBIO-Storage/CM/scratch/data/meta/CM_caltec_001_1024/CALTEC-001-7F-F/CALTEC-001-7F-F_R1.fastq.gz;/shares/CIBIO-Storage/CM/scratch/data/meta/CM_caltec_001_1024/CALTEC-001-7F-F/CALTEC-001-7F-F_R2.fastq.gz;	5a6ae85c-b6fe-4bed-9d79-2fc3d722416f	MazmanianS_MoiseyenkoA
CALTEC-001-8F-F	CALTEC-001-8F-F	Mouse fecal metagenome of Faecalibacterium prausnitzii cohort: ASO treated	Mus musculus	QIAamp PowerFecal Pro	WGS	METAGENOMIC	RANDOM	paired	ILLUMINA	Illumina NovaSeq X Plus	435	3/7/25	"DNA was isolated from one mouse stool sample pellet using the Qiagen QIAamp PowerFecal Pro kit following the manufacturers protocol. Libraries were prepared using the Illumina DNA Prep, (M) Tagmentation (96 Samples, IPB) kit (Illumina, #20060059). Sequencing was performed using Illumina NovaSeq X Plus aiming for 70 million reads per sample, with mean read length of 150 base pairs. Library preparation and Sequencing was performed by Prebiomics. Fastq files were uniformly processed using the curatedMetagenomicsNextflow pipeline (https://github.com/seandavi/curatedMetagenomicsNextflow) specifying the mouse reference genome in Trimmomatic."	fastq							USA	34.1374596;-118.1268372	24-Oct	8F-F	2313	ASO	Fp	Male	18	13	Fp7	Fp7-1	/shares/CIBIO-Storage/CM/scratch/data/meta/CM_caltec_001_1024/CALTEC-001-8F-F/CALTEC-001-8F-F_R1.fastq.gz;/shares/CIBIO-Storage/CM/scratch/data/meta/CM_caltec_001_1024/CALTEC-001-8F-F/CALTEC-001-8F-F_R2.fastq.gz;	667fd635-ee7a-4d22-a128-8d7567559348	MazmanianS_MoiseyenkoA
CALTEC-001-1W-B	CALTEC-001-1W-B	Mouse fecal metagenome of beneficial comunity cohort: WT control	Mus musculus	QIAamp PowerFecal Pro	WGS	METAGENOMIC	RANDOM	paired	ILLUMINA	Illumina NovaSeq X Plus	435	3/7/25	"DNA was isolated from one mouse stool sample pellet using the Qiagen QIAamp PowerFecal Pro kit following the manufacturers protocol. Libraries were prepared using the Illumina DNA Prep, (M) Tagmentation (96 Samples, IPB) kit (Illumina, #20060059). Sequencing was performed using Illumina NovaSeq X Plus aiming for 70 million reads per sample, with mean read length of 150 base pairs. Library preparation and Sequencing was performed by Prebiomics. Fastq files were uniformly processed using the curatedMetagenomicsNextflow pipeline (https://github.com/seandavi/curatedMetagenomicsNextflow) specifying the mouse reference genome in Trimmomatic."	fastq							USA	34.1374596;-118.1268372	24-Nov	1W-B	2328	WT	Vehicle	Male	18	15	bCL	bCL-1	/shares/CIBIO-Storage/CM/scratch/data/meta/CM_caltec_001_1024/CALTEC-001-1W-B/CALTEC-001-1W-B_R1.fastq.gz;/shares/CIBIO-Storage/CM/scratch/data/meta/CM_caltec_001_1024/CALTEC-001-1W-B/CALTEC-001-1W-B_R2.fastq.gz;	3a95fb07-9cd4-4410-ab14-6e08cbe8fb4d	MazmanianS_MoiseyenkoA
CALTEC-001-2W-B	CALTEC-001-2W-B	Mouse fecal metagenome of beneficial comunity cohort: WT control	Mus musculus	QIAamp PowerFecal Pro	WGS	METAGENOMIC	RANDOM	paired	ILLUMINA	Illumina NovaSeq X Plus	435	3/7/25	"DNA was isolated from one mouse stool sample pellet using the Qiagen QIAamp PowerFecal Pro kit following the manufacturers protocol. Libraries were prepared using the Illumina DNA Prep, (M) Tagmentation (96 Samples, IPB) kit (Illumina, #20060059). Sequencing was performed using Illumina NovaSeq X Plus aiming for 70 million reads per sample, with mean read length of 150 base pairs. Library preparation and Sequencing was performed by Prebiomics. Fastq files were uniformly processed using the curatedMetagenomicsNextflow pipeline (https://github.com/seandavi/curatedMetagenomicsNextflow) specifying the mouse reference genome in Trimmomatic."	fastq							USA	34.1374596;-118.1268372	24-Nov	2W-B	2330	WT	Vehicle	Male	18	15	bCL	bCL-1	/shares/CIBIO-Storage/CM/scratch/data/meta/CM_caltec_001_1024/CALTEC-001-2W-B/CALTEC-001-2W-B_R1.fastq.gz;/shares/CIBIO-Storage/CM/scratch/data/meta/CM_caltec_001_1024/CALTEC-001-2W-B/CALTEC-001-2W-B_R2.fastq.gz;	64cfc38a-c2fe-4a3c-a92b-4d5eec3c9bec	MazmanianS_MoiseyenkoA
CALTEC-001-3W-B	CALTEC-001-3W-B	Mouse fecal metagenome of beneficial comunity cohort: WT control	Mus musculus	QIAamp PowerFecal Pro	WGS	METAGENOMIC	RANDOM	paired	ILLUMINA	Illumina NovaSeq X Plus	435	3/7/25	"DNA was isolated from one mouse stool sample pellet using the Qiagen QIAamp PowerFecal Pro kit following the manufacturers protocol. Libraries were prepared using the Illumina DNA Prep, (M) Tagmentation (96 Samples, IPB) kit (Illumina, #20060059). Sequencing was performed using Illumina NovaSeq X Plus aiming for 70 million reads per sample, with mean read length of 150 base pairs. Library preparation and Sequencing was performed by Prebiomics. Fastq files were uniformly processed using the curatedMetagenomicsNextflow pipeline (https://github.com/seandavi/curatedMetagenomicsNextflow) specifying the mouse reference genome in Trimmomatic."	fastq							USA	34.1374596;-118.1268372	24-Nov	3W-B	2332	WT	Vehicle	Male	18	16	bCL	bCL-1	/shares/CIBIO-Storage/CM/scratch/data/meta/CM_caltec_001_1024/CALTEC-001-3W-B/CALTEC-001-3W-B_R1.fastq.gz;/shares/CIBIO-Storage/CM/scratch/data/meta/CM_caltec_001_1024/CALTEC-001-3W-B/CALTEC-001-3W-B_R2.fastq.gz;	7eac574e-7a22-47fe-9e95-027a9469978d	MazmanianS_MoiseyenkoA
CALTEC-001-4W-B	CALTEC-001-4W-B	Mouse fecal metagenome of beneficial comunity cohort: WT control	Mus musculus	QIAamp PowerFecal Pro	WGS	METAGENOMIC	RANDOM	paired	ILLUMINA	Illumina NovaSeq X Plus	435	3/7/25	"DNA was isolated from one mouse stool sample pellet using the Qiagen QIAamp PowerFecal Pro kit following the manufacturers protocol. Libraries were prepared using the Illumina DNA Prep, (M) Tagmentation (96 Samples, IPB) kit (Illumina, #20060059). Sequencing was performed using Illumina NovaSeq X Plus aiming for 70 million reads per sample, with mean read length of 150 base pairs. Library preparation and Sequencing was performed by Prebiomics. Fastq files were uniformly processed using the curatedMetagenomicsNextflow pipeline (https://github.com/seandavi/curatedMetagenomicsNextflow) specifying the mouse reference genome in Trimmomatic."	fastq							USA	34.1374596;-118.1268372	24-Nov	4W-B	2337	WT	Vehicle	Male	18	16	bCL	bCL-1	/shares/CIBIO-Storage/CM/scratch/data/meta/CM_caltec_001_1024/CALTEC-001-4W-B/CALTEC-001-4W-B_R1.fastq.gz;/shares/CIBIO-Storage/CM/scratch/data/meta/CM_caltec_001_1024/CALTEC-001-4W-B/CALTEC-001-4W-B_R2.fastq.gz;	5155defe-cf3b-434d-a79b-f97cbd8b7bb3	MazmanianS_MoiseyenkoA
CALTEC-001-5W-B	CALTEC-001-5W-B	Mouse fecal metagenome of beneficial comunity cohort: WT control	Mus musculus	QIAamp PowerFecal Pro	WGS	METAGENOMIC	RANDOM	paired	ILLUMINA	Illumina NovaSeq X Plus	435	3/7/25	"DNA was isolated from one mouse stool sample pellet using the Qiagen QIAamp PowerFecal Pro kit following the manufacturers protocol. Libraries were prepared using the Illumina DNA Prep, (M) Tagmentation (96 Samples, IPB) kit (Illumina, #20060059). Sequencing was performed using Illumina NovaSeq X Plus aiming for 70 million reads per sample, with mean read length of 150 base pairs. Library preparation and Sequencing was performed by Prebiomics. Fastq files were uniformly processed using the curatedMetagenomicsNextflow pipeline (https://github.com/seandavi/curatedMetagenomicsNextflow) specifying the mouse reference genome in Trimmomatic."	fastq							USA	34.1374596;-118.1268372	24-Nov	5W-B	2338	WT	Vehicle	Male	18	16	bCL	bCL-1	/shares/CIBIO-Storage/CM/scratch/data/meta/CM_caltec_001_1024/CALTEC-001-5W-B/CALTEC-001-5W-B_R1.fastq.gz;/shares/CIBIO-Storage/CM/scratch/data/meta/CM_caltec_001_1024/CALTEC-001-5W-B/CALTEC-001-5W-B_R2.fastq.gz;	a55db179-101c-459f-8fbf-a4d0de76765b	MazmanianS_MoiseyenkoA
CALTEC-001-6W-B	CALTEC-001-6W-B	Mouse fecal metagenome of beneficial comunity cohort: WT control	Mus musculus	QIAamp PowerFecal Pro	WGS	METAGENOMIC	RANDOM	paired	ILLUMINA	Illumina NovaSeq X Plus	435	3/7/25	"DNA was isolated from one mouse stool sample pellet using the Qiagen QIAamp PowerFecal Pro kit following the manufacturers protocol. Libraries were prepared using the Illumina DNA Prep, (M) Tagmentation (96 Samples, IPB) kit (Illumina, #20060059). Sequencing was performed using Illumina NovaSeq X Plus aiming for 70 million reads per sample, with mean read length of 150 base pairs. Library preparation and Sequencing was performed by Prebiomics. Fastq files were uniformly processed using the curatedMetagenomicsNextflow pipeline (https://github.com/seandavi/curatedMetagenomicsNextflow) specifying the mouse reference genome in Trimmomatic."	fastq							USA	34.1374596;-118.1268372	24-Nov	6W-B	2348	WT	Vehicle	Male	18	17	bCL	bCL-1	/shares/CIBIO-Storage/CM/scratch/data/meta/CM_caltec_001_1024/CALTEC-001-6W-B/CALTEC-001-6W-B_R1.fastq.gz;/shares/CIBIO-Storage/CM/scratch/data/meta/CM_caltec_001_1024/CALTEC-001-6W-B/CALTEC-001-6W-B_R2.fastq.gz;	888698af-80c8-466d-9e54-b0e61d24495a	MazmanianS_MoiseyenkoA
CALTEC-001-7W-B	CALTEC-001-7W-B	Mouse fecal metagenome of beneficial comunity cohort: WT control	Mus musculus	QIAamp PowerFecal Pro	WGS	METAGENOMIC	RANDOM	paired	ILLUMINA	Illumina NovaSeq X Plus	435	3/7/25	"DNA was isolated from one mouse stool sample pellet using the Qiagen QIAamp PowerFecal Pro kit following the manufacturers protocol. Libraries were prepared using the Illumina DNA Prep, (M) Tagmentation (96 Samples, IPB) kit (Illumina, #20060059). Sequencing was performed using Illumina NovaSeq X Plus aiming for 70 million reads per sample, with mean read length of 150 base pairs. Library preparation and Sequencing was performed by Prebiomics. Fastq files were uniformly processed using the curatedMetagenomicsNextflow pipeline (https://github.com/seandavi/curatedMetagenomicsNextflow) specifying the mouse reference genome in Trimmomatic."	fastq							USA	34.1374596;-118.1268372	24-Nov	7W-B	2349	WT	Vehicle	Male	18	17	bCL	bCL-1	/shares/CIBIO-Storage/CM/scratch/data/meta/CM_caltec_001_1024/CALTEC-001-7W-B/CALTEC-001-7W-B_R1.fastq.gz;/shares/CIBIO-Storage/CM/scratch/data/meta/CM_caltec_001_1024/CALTEC-001-7W-B/CALTEC-001-7W-B_R2.fastq.gz;	40fcafa2-7823-4086-902c-76edd44c8ad7	MazmanianS_MoiseyenkoA
CALTEC-001-8W-B	CALTEC-001-8W-B	Mouse fecal metagenome of beneficial comunity cohort: WT control	Mus musculus	QIAamp PowerFecal Pro	WGS	METAGENOMIC	RANDOM	paired	ILLUMINA	Illumina NovaSeq X Plus	435	3/7/25	"DNA was isolated from one mouse stool sample pellet using the Qiagen QIAamp PowerFecal Pro kit following the manufacturers protocol. Libraries were prepared using the Illumina DNA Prep, (M) Tagmentation (96 Samples, IPB) kit (Illumina, #20060059). Sequencing was performed using Illumina NovaSeq X Plus aiming for 70 million reads per sample, with mean read length of 150 base pairs. Library preparation and Sequencing was performed by Prebiomics. Fastq files were uniformly processed using the curatedMetagenomicsNextflow pipeline (https://github.com/seandavi/curatedMetagenomicsNextflow) specifying the mouse reference genome in Trimmomatic."	fastq							USA	34.1374596;-118.1268372	24-Nov	8W-B	NA	WT	Vehicle	Male	18	NA	bCL	bCL-2	/shares/CIBIO-Storage/CM/scratch/data/meta/CM_caltec_001_1024/CALTEC-001-8W-B/CALTEC-001-8W-B_R1.fastq.gz;/shares/CIBIO-Storage/CM/scratch/data/meta/CM_caltec_001_1024/CALTEC-001-8W-B/CALTEC-001-8W-B_R2.fastq.gz;	e76d515a-fbc3-4b37-b542-c6fe625bd623	MazmanianS_MoiseyenkoA
CALTEC-001-1C-B	CALTEC-001-1C-B	Mouse fecal metagenome of beneficial comunity cohort: ASO control	Mus musculus	QIAamp PowerFecal Pro	WGS	METAGENOMIC	RANDOM	paired	ILLUMINA	Illumina NovaSeq X Plus	435	3/7/25	"DNA was isolated from one mouse stool sample pellet using the Qiagen QIAamp PowerFecal Pro kit following the manufacturers protocol. Libraries were prepared using the Illumina DNA Prep, (M) Tagmentation (96 Samples, IPB) kit (Illumina, #20060059). Sequencing was performed using Illumina NovaSeq X Plus aiming for 70 million reads per sample, with mean read length of 150 base pairs. Library preparation and Sequencing was performed by Prebiomics. Fastq files were uniformly processed using the curatedMetagenomicsNextflow pipeline (https://github.com/seandavi/curatedMetagenomicsNextflow) specifying the mouse reference genome in Trimmomatic."	fastq							USA	34.1374596;-118.1268372	24-Nov	1C-B	2350	ASO	Vehicle	Male	18	18	bCL	bCL-1	/shares/CIBIO-Storage/CM/scratch/data/meta/CM_caltec_001_1024/CALTEC-001-1C-B/CALTEC-001-1C-B_R1.fastq.gz;/shares/CIBIO-Storage/CM/scratch/data/meta/CM_caltec_001_1024/CALTEC-001-1C-B/CALTEC-001-1C-B_R2.fastq.gz;	f498cd34-8ff0-4a82-b15d-8688abc9435d	MazmanianS_MoiseyenkoA
CALTEC-001-2C-B	CALTEC-001-2C-B	Mouse fecal metagenome of beneficial comunity cohort: ASO control	Mus musculus	QIAamp PowerFecal Pro	WGS	METAGENOMIC	RANDOM	paired	ILLUMINA	Illumina NovaSeq X Plus	435	3/7/25	"DNA was isolated from one mouse stool sample pellet using the Qiagen QIAamp PowerFecal Pro kit following the manufacturers protocol. Libraries were prepared using the Illumina DNA Prep, (M) Tagmentation (96 Samples, IPB) kit (Illumina, #20060059). Sequencing was performed using Illumina NovaSeq X Plus aiming for 70 million reads per sample, with mean read length of 150 base pairs. Library preparation and Sequencing was performed by Prebiomics. Fastq files were uniformly processed using the curatedMetagenomicsNextflow pipeline (https://github.com/seandavi/curatedMetagenomicsNextflow) specifying the mouse reference genome in Trimmomatic."	fastq							USA	34.1374596;-118.1268372	24-Nov	2C-B	2333	ASO	Vehicle	Male	18	19	bCL	bCL-1	/shares/CIBIO-Storage/CM/scratch/data/meta/CM_caltec_001_1024/CALTEC-001-2C-B/CALTEC-001-2C-B_R1.fastq.gz;/shares/CIBIO-Storage/CM/scratch/data/meta/CM_caltec_001_1024/CALTEC-001-2C-B/CALTEC-001-2C-B_R2.fastq.gz;	216699da-5299-480f-87a1-4c4c5ae57e7b	MazmanianS_MoiseyenkoA
CALTEC-001-3C-B	CALTEC-001-3C-B	Mouse fecal metagenome of beneficial comunity cohort: ASO control	Mus musculus	QIAamp PowerFecal Pro	WGS	METAGENOMIC	RANDOM	paired	ILLUMINA	Illumina NovaSeq X Plus	435	3/7/25	"DNA was isolated from one mouse stool sample pellet using the Qiagen QIAamp PowerFecal Pro kit following the manufacturers protocol. Libraries were prepared using the Illumina DNA Prep, (M) Tagmentation (96 Samples, IPB) kit (Illumina, #20060059). Sequencing was performed using Illumina NovaSeq X Plus aiming for 70 million reads per sample, with mean read length of 150 base pairs. Library preparation and Sequencing was performed by Prebiomics. Fastq files were uniformly processed using the curatedMetagenomicsNextflow pipeline (https://github.com/seandavi/curatedMetagenomicsNextflow) specifying the mouse reference genome in Trimmomatic."	fastq							USA	34.1374596;-118.1268372	24-Nov	3C-B	2334	ASO	Vehicle	Male	18	19	bCL	bCL-1	/shares/CIBIO-Storage/CM/scratch/data/meta/CM_caltec_001_1024/CALTEC-001-3C-B/CALTEC-001-3C-B_R1.fastq.gz;/shares/CIBIO-Storage/CM/scratch/data/meta/CM_caltec_001_1024/CALTEC-001-3C-B/CALTEC-001-3C-B_R2.fastq.gz;	c88e4fdb-0d46-4ae4-b1e8-98933a35feeb	MazmanianS_MoiseyenkoA
CALTEC-001-4C-B	CALTEC-001-4C-B	Mouse fecal metagenome of beneficial comunity cohort: ASO control	Mus musculus	QIAamp PowerFecal Pro	WGS	METAGENOMIC	RANDOM	paired	ILLUMINA	Illumina NovaSeq X Plus	435	3/7/25	"DNA was isolated from one mouse stool sample pellet using the Qiagen QIAamp PowerFecal Pro kit following the manufacturers protocol. Libraries were prepared using the Illumina DNA Prep, (M) Tagmentation (96 Samples, IPB) kit (Illumina, #20060059). Sequencing was performed using Illumina NovaSeq X Plus aiming for 70 million reads per sample, with mean read length of 150 base pairs. Library preparation and Sequencing was performed by Prebiomics. Fastq files were uniformly processed using the curatedMetagenomicsNextflow pipeline (https://github.com/seandavi/curatedMetagenomicsNextflow) specifying the mouse reference genome in Trimmomatic."	fastq							USA	34.1374596;-118.1268372	24-Nov	4C-B	2336	ASO	Vehicle	Male	18	19	bCL	bCL-1	/shares/CIBIO-Storage/CM/scratch/data/meta/CM_caltec_001_1024/CALTEC-001-4C-B/CALTEC-001-4C-B_R1.fastq.gz;/shares/CIBIO-Storage/CM/scratch/data/meta/CM_caltec_001_1024/CALTEC-001-4C-B/CALTEC-001-4C-B_R2.fastq.gz;	672ea0fc-3873-4ec8-9d2d-57f3c422c197	MazmanianS_MoiseyenkoA
CALTEC-001-5C-B	CALTEC-001-5C-B	Mouse fecal metagenome of beneficial comunity cohort: ASO control	Mus musculus	QIAamp PowerFecal Pro	WGS	METAGENOMIC	RANDOM	paired	ILLUMINA	Illumina NovaSeq X Plus	435	3/7/25	"DNA was isolated from one mouse stool sample pellet using the Qiagen QIAamp PowerFecal Pro kit following the manufacturers protocol. Libraries were prepared using the Illumina DNA Prep, (M) Tagmentation (96 Samples, IPB) kit (Illumina, #20060059). Sequencing was performed using Illumina NovaSeq X Plus aiming for 70 million reads per sample, with mean read length of 150 base pairs. Library preparation and Sequencing was performed by Prebiomics. Fastq files were uniformly processed using the curatedMetagenomicsNextflow pipeline (https://github.com/seandavi/curatedMetagenomicsNextflow) specifying the mouse reference genome in Trimmomatic."	fastq							USA	34.1374596;-118.1268372	24-Nov	5C-B	2351	ASO	Vehicle	Male	18	18	bCL	bCL-1	/shares/CIBIO-Storage/CM/scratch/data/meta/CM_caltec_001_1024/CALTEC-001-5C-B/CALTEC-001-5C-B_R1.fastq.gz;/shares/CIBIO-Storage/CM/scratch/data/meta/CM_caltec_001_1024/CALTEC-001-5C-B/CALTEC-001-5C-B_R2.fastq.gz;	135f44a7-adf5-43f1-8c2d-4ba8f92187a2	MazmanianS_MoiseyenkoA
CALTEC-001-6C-B	CALTEC-001-6C-B	Mouse fecal metagenome of beneficial comunity cohort: ASO control	Mus musculus	QIAamp PowerFecal Pro	WGS	METAGENOMIC	RANDOM	paired	ILLUMINA	Illumina NovaSeq X Plus	435	3/7/25	"DNA was isolated from one mouse stool sample pellet using the Qiagen QIAamp PowerFecal Pro kit following the manufacturers protocol. Libraries were prepared using the Illumina DNA Prep, (M) Tagmentation (96 Samples, IPB) kit (Illumina, #20060059). Sequencing was performed using Illumina NovaSeq X Plus aiming for 70 million reads per sample, with mean read length of 150 base pairs. Library preparation and Sequencing was performed by Prebiomics. Fastq files were uniformly processed using the curatedMetagenomicsNextflow pipeline (https://github.com/seandavi/curatedMetagenomicsNextflow) specifying the mouse reference genome in Trimmomatic."	fastq							USA	34.1374596;-118.1268372	24-Nov	6C-B	2335	ASO	Vehicle	Male	18	19	bCL	bCL-1	/shares/CIBIO-Storage/CM/scratch/data/meta/CM_caltec_001_1024/CALTEC-001-6C-B/CALTEC-001-6C-B_R1.fastq.gz;/shares/CIBIO-Storage/CM/scratch/data/meta/CM_caltec_001_1024/CALTEC-001-6C-B/CALTEC-001-6C-B_R2.fastq.gz;	253c2ac0-4eed-4fd8-8b7a-9b091fdec2fc	MazmanianS_MoiseyenkoA
CALTEC-001-7C-B	CALTEC-001-7C-B	Mouse fecal metagenome of beneficial comunity cohort: ASO control	Mus musculus	QIAamp PowerFecal Pro	WGS	METAGENOMIC	RANDOM	paired	ILLUMINA	Illumina NovaSeq X Plus	435	3/7/25	"DNA was isolated from one mouse stool sample pellet using the Qiagen QIAamp PowerFecal Pro kit following the manufacturers protocol. Libraries were prepared using the Illumina DNA Prep, (M) Tagmentation (96 Samples, IPB) kit (Illumina, #20060059). Sequencing was performed using Illumina NovaSeq X Plus aiming for 70 million reads per sample, with mean read length of 150 base pairs. Library preparation and Sequencing was performed by Prebiomics. Fastq files were uniformly processed using the curatedMetagenomicsNextflow pipeline (https://github.com/seandavi/curatedMetagenomicsNextflow) specifying the mouse reference genome in Trimmomatic."	fastq							USA	34.1374596;-118.1268372	24-Nov	7C-B	NA	ASO	Vehicle	Male	18	NA	bCL	bCL-2	/shares/CIBIO-Storage/CM/scratch/data/meta/CM_caltec_001_1024/CALTEC-001-7C-B/CALTEC-001-7C-B_R1.fastq.gz;/shares/CIBIO-Storage/CM/scratch/data/meta/CM_caltec_001_1024/CALTEC-001-7C-B/CALTEC-001-7C-B_R2.fastq.gz;	e9749d55-fecc-4517-a466-9ead9e6d8413	MazmanianS_MoiseyenkoA
CALTEC-001-8C-B	CALTEC-001-8C-B	Mouse fecal metagenome of beneficial comunity cohort: ASO control	Mus musculus	QIAamp PowerFecal Pro	WGS	METAGENOMIC	RANDOM	paired	ILLUMINA	Illumina NovaSeq X Plus	435	3/7/25	"DNA was isolated from one mouse stool sample pellet using the Qiagen QIAamp PowerFecal Pro kit following the manufacturers protocol. Libraries were prepared using the Illumina DNA Prep, (M) Tagmentation (96 Samples, IPB) kit (Illumina, #20060059). Sequencing was performed using Illumina NovaSeq X Plus aiming for 70 million reads per sample, with mean read length of 150 base pairs. Library preparation and Sequencing was performed by Prebiomics. Fastq files were uniformly processed using the curatedMetagenomicsNextflow pipeline (https://github.com/seandavi/curatedMetagenomicsNextflow) specifying the mouse reference genome in Trimmomatic."	fastq							USA	34.1374596;-118.1268372	24-Nov	8C-B	NA	ASO	Vehicle	Male	18	NA	bCL	bCL-2	/shares/CIBIO-Storage/CM/scratch/data/meta/CM_caltec_001_1024/CALTEC-001-8C-B/CALTEC-001-8C-B_R1.fastq.gz;/shares/CIBIO-Storage/CM/scratch/data/meta/CM_caltec_001_1024/CALTEC-001-8C-B/CALTEC-001-8C-B_R2.fastq.gz;	6f87b662-221b-4811-8fe4-c5237d03d957	MazmanianS_MoiseyenkoA
CALTEC-001-1B-B	CALTEC-001-1B-B	Mouse fecal metagenome of beneficial comunity cohort: ASO treated	Mus musculus	QIAamp PowerFecal Pro	WGS	METAGENOMIC	RANDOM	paired	ILLUMINA	Illumina NovaSeq X Plus	435	3/7/25	"DNA was isolated from one mouse stool sample pellet using the Qiagen QIAamp PowerFecal Pro kit following the manufacturers protocol. Libraries were prepared using the Illumina DNA Prep, (M) Tagmentation (96 Samples, IPB) kit (Illumina, #20060059). Sequencing was performed using Illumina NovaSeq X Plus aiming for 70 million reads per sample, with mean read length of 150 base pairs. Library preparation and Sequencing was performed by Prebiomics. Fastq files were uniformly processed using the curatedMetagenomicsNextflow pipeline (https://github.com/seandavi/curatedMetagenomicsNextflow) specifying the mouse reference genome in Trimmomatic."	fastq							USA	34.1374596;-118.1268372	24-Nov	1B-B	2345	ASO	benCom	Male	18	20	bCL	bCL-1	/shares/CIBIO-Storage/CM/scratch/data/meta/CM_caltec_001_1024/CALTEC-001-1B-B/CALTEC-001-1B-B_R1.fastq.gz;/shares/CIBIO-Storage/CM/scratch/data/meta/CM_caltec_001_1024/CALTEC-001-1B-B/CALTEC-001-1B-B_R2.fastq.gz;	f3035faf-d71d-4cb0-bb63-64d7b3c38491	MazmanianS_MoiseyenkoA
CALTEC-001-2B-B	CALTEC-001-2B-B	Mouse fecal metagenome of beneficial comunity cohort: ASO treated	Mus musculus	QIAamp PowerFecal Pro	WGS	METAGENOMIC	RANDOM	paired	ILLUMINA	Illumina NovaSeq X Plus	435	3/7/25	"DNA was isolated from one mouse stool sample pellet using the Qiagen QIAamp PowerFecal Pro kit following the manufacturers protocol. Libraries were prepared using the Illumina DNA Prep, (M) Tagmentation (96 Samples, IPB) kit (Illumina, #20060059). Sequencing was performed using Illumina NovaSeq X Plus aiming for 70 million reads per sample, with mean read length of 150 base pairs. Library preparation and Sequencing was performed by Prebiomics. Fastq files were uniformly processed using the curatedMetagenomicsNextflow pipeline (https://github.com/seandavi/curatedMetagenomicsNextflow) specifying the mouse reference genome in Trimmomatic."	fastq							USA	34.1374596;-118.1268372	24-Nov	2B-B	2329	ASO	benCom	Male	18	21	bCL	bCL-1	/shares/CIBIO-Storage/CM/scratch/data/meta/CM_caltec_001_1024/CALTEC-001-2B-B/CALTEC-001-2B-B_R1.fastq.gz;/shares/CIBIO-Storage/CM/scratch/data/meta/CM_caltec_001_1024/CALTEC-001-2B-B/CALTEC-001-2B-B_R2.fastq.gz;	2f242b7c-f644-4a6d-ae13-41f3a2d6f125	MazmanianS_MoiseyenkoA
CALTEC-001-3B-B	CALTEC-001-3B-B	Mouse fecal metagenome of beneficial comunity cohort: ASO treated	Mus musculus	QIAamp PowerFecal Pro	WGS	METAGENOMIC	RANDOM	paired	ILLUMINA	Illumina NovaSeq X Plus	435	3/7/25	"DNA was isolated from one mouse stool sample pellet using the Qiagen QIAamp PowerFecal Pro kit following the manufacturers protocol. Libraries were prepared using the Illumina DNA Prep, (M) Tagmentation (96 Samples, IPB) kit (Illumina, #20060059). Sequencing was performed using Illumina NovaSeq X Plus aiming for 70 million reads per sample, with mean read length of 150 base pairs. Library preparation and Sequencing was performed by Prebiomics. Fastq files were uniformly processed using the curatedMetagenomicsNextflow pipeline (https://github.com/seandavi/curatedMetagenomicsNextflow) specifying the mouse reference genome in Trimmomatic."	fastq							USA	34.1374596;-118.1268372	24-Nov	3B-B	2327	ASO	benCom	Male	18	21	bCL	bCL-1	/shares/CIBIO-Storage/CM/scratch/data/meta/CM_caltec_001_1024/CALTEC-001-3B-B/CALTEC-001-3B-B_R1.fastq.gz;/shares/CIBIO-Storage/CM/scratch/data/meta/CM_caltec_001_1024/CALTEC-001-3B-B/CALTEC-001-3B-B_R2.fastq.gz;	c80e6d15-520b-4bd0-a67a-62f8a17c035e	MazmanianS_MoiseyenkoA
CALTEC-001-4B-B	CALTEC-001-4B-B	Mouse fecal metagenome of beneficial comunity cohort: ASO treated	Mus musculus	QIAamp PowerFecal Pro	WGS	METAGENOMIC	RANDOM	paired	ILLUMINA	Illumina NovaSeq X Plus	435	3/7/25	"DNA was isolated from one mouse stool sample pellet using the Qiagen QIAamp PowerFecal Pro kit following the manufacturers protocol. Libraries were prepared using the Illumina DNA Prep, (M) Tagmentation (96 Samples, IPB) kit (Illumina, #20060059). Sequencing was performed using Illumina NovaSeq X Plus aiming for 70 million reads per sample, with mean read length of 150 base pairs. Library preparation and Sequencing was performed by Prebiomics. Fastq files were uniformly processed using the curatedMetagenomicsNextflow pipeline (https://github.com/seandavi/curatedMetagenomicsNextflow) specifying the mouse reference genome in Trimmomatic."	fastq							USA	34.1374596;-118.1268372	24-Nov	4B-B	2331	ASO	benCom	Male	18	21	bCL	bCL-1	/shares/CIBIO-Storage/CM/scratch/data/meta/CM_caltec_001_1024/CALTEC-001-4B-B/CALTEC-001-4B-B_R1.fastq.gz;/shares/CIBIO-Storage/CM/scratch/data/meta/CM_caltec_001_1024/CALTEC-001-4B-B/CALTEC-001-4B-B_R2.fastq.gz;	a6a8e3b9-4007-4fe4-a891-b85a100f0b29	MazmanianS_MoiseyenkoA
CALTEC-001-5B-B	CALTEC-001-5B-B	Mouse fecal metagenome of beneficial comunity cohort: ASO treated	Mus musculus	QIAamp PowerFecal Pro	WGS	METAGENOMIC	RANDOM	paired	ILLUMINA	Illumina NovaSeq X Plus	435	3/7/25	"DNA was isolated from one mouse stool sample pellet using the Qiagen QIAamp PowerFecal Pro kit following the manufacturers protocol. Libraries were prepared using the Illumina DNA Prep, (M) Tagmentation (96 Samples, IPB) kit (Illumina, #20060059). Sequencing was performed using Illumina NovaSeq X Plus aiming for 70 million reads per sample, with mean read length of 150 base pairs. Library preparation and Sequencing was performed by Prebiomics. Fastq files were uniformly processed using the curatedMetagenomicsNextflow pipeline (https://github.com/seandavi/curatedMetagenomicsNextflow) specifying the mouse reference genome in Trimmomatic."	fastq							USA	34.1374596;-118.1268372	24-Nov	5B-B	2339	ASO	benCom	Male	18	22	bCL	bCL-1	/shares/CIBIO-Storage/CM/scratch/data/meta/CM_caltec_001_1024/CALTEC-001-5B-B/CALTEC-001-5B-B_R1.fastq.gz;/shares/CIBIO-Storage/CM/scratch/data/meta/CM_caltec_001_1024/CALTEC-001-5B-B/CALTEC-001-5B-B_R2.fastq.gz;	3eff4ead-173f-43c0-8bf3-928eda3af235	MazmanianS_MoiseyenkoA
CALTEC-001-6B-B	CALTEC-001-6B-B	Mouse fecal metagenome of beneficial comunity cohort: ASO treated	Mus musculus	QIAamp PowerFecal Pro	WGS	METAGENOMIC	RANDOM	paired	ILLUMINA	Illumina NovaSeq X Plus	435	3/7/25	"DNA was isolated from one mouse stool sample pellet using the Qiagen QIAamp PowerFecal Pro kit following the manufacturers protocol. Libraries were prepared using the Illumina DNA Prep, (M) Tagmentation (96 Samples, IPB) kit (Illumina, #20060059). Sequencing was performed using Illumina NovaSeq X Plus aiming for 70 million reads per sample, with mean read length of 150 base pairs. Library preparation and Sequencing was performed by Prebiomics. Fastq files were uniformly processed using the curatedMetagenomicsNextflow pipeline (https://github.com/seandavi/curatedMetagenomicsNextflow) specifying the mouse reference genome in Trimmomatic."	fastq							USA	34.1374596;-118.1268372	24-Nov	6B-B	2341	ASO	benCom	Male	18	22	bCL	bCL-1	/shares/CIBIO-Storage/CM/scratch/data/meta/CM_caltec_001_1024/CALTEC-001-6B-B/CALTEC-001-6B-B_R1.fastq.gz;/shares/CIBIO-Storage/CM/scratch/data/meta/CM_caltec_001_1024/CALTEC-001-6B-B/CALTEC-001-6B-B_R2.fastq.gz;	f47bfcd5-7b4b-4670-980b-3e4c9c4a88cf	MazmanianS_MoiseyenkoA
CALTEC-001-7B-B	CALTEC-001-7B-B	Mouse fecal metagenome of beneficial comunity cohort: ASO treated	Mus musculus	QIAamp PowerFecal Pro	WGS	METAGENOMIC	RANDOM	paired	ILLUMINA	Illumina NovaSeq X Plus	435	3/7/25	"DNA was isolated from one mouse stool sample pellet using the Qiagen QIAamp PowerFecal Pro kit following the manufacturers protocol. Libraries were prepared using the Illumina DNA Prep, (M) Tagmentation (96 Samples, IPB) kit (Illumina, #20060059). Sequencing was performed using Illumina NovaSeq X Plus aiming for 70 million reads per sample, with mean read length of 150 base pairs. Library preparation and Sequencing was performed by Prebiomics. Fastq files were uniformly processed using the curatedMetagenomicsNextflow pipeline (https://github.com/seandavi/curatedMetagenomicsNextflow) specifying the mouse reference genome in Trimmomatic."	fastq							USA	34.1374596;-118.1268372	24-Nov	7B-B	2346	ASO	benCom	Male	18	20	bCL	bCL-1	/shares/CIBIO-Storage/CM/scratch/data/meta/CM_caltec_001_1024/CALTEC-001-7B-B/CALTEC-001-7B-B_R1.fastq.gz;/shares/CIBIO-Storage/CM/scratch/data/meta/CM_caltec_001_1024/CALTEC-001-7B-B/CALTEC-001-7B-B_R2.fastq.gz;	4a571d8f-049d-4057-8034-883f1fc99ab2	MazmanianS_MoiseyenkoA
CALTEC-001-8B-B	CALTEC-001-8B-B	Mouse fecal metagenome of beneficial comunity cohort: ASO treated	Mus musculus	QIAamp PowerFecal Pro	WGS	METAGENOMIC	RANDOM	paired	ILLUMINA	Illumina NovaSeq X Plus	435	3/7/25	"DNA was isolated from one mouse stool sample pellet using the Qiagen QIAamp PowerFecal Pro kit following the manufacturers protocol. Libraries were prepared using the Illumina DNA Prep, (M) Tagmentation (96 Samples, IPB) kit (Illumina, #20060059). Sequencing was performed using Illumina NovaSeq X Plus aiming for 70 million reads per sample, with mean read length of 150 base pairs. Library preparation and Sequencing was performed by Prebiomics. Fastq files were uniformly processed using the curatedMetagenomicsNextflow pipeline (https://github.com/seandavi/curatedMetagenomicsNextflow) specifying the mouse reference genome in Trimmomatic."	fastq							USA	34.1374596;-118.1268372	24-Nov	8B-B	2347	ASO	benCom	Male	18	20	bCL	bCL-1	/shares/CIBIO-Storage/CM/scratch/data/meta/CM_caltec_001_1024/CALTEC-001-8B-B/CALTEC-001-8B-B_R1.fastq.gz;/shares/CIBIO-Storage/CM/scratch/data/meta/CM_caltec_001_1024/CALTEC-001-8B-B/CALTEC-001-8B-B_R2.fastq.gz;	700a1335-1157-4209-88da-172a9d744849	MazmanianS_MoiseyenkoA