Run	Assay Type	AvgSpotLen	Bases	BioProject	BioSample	BioSampleModel	Bytes	Center Name	Collection_Date	Consent	DATASTORE filetype	DATASTORE provider	DATASTORE region	Experiment	geo_loc_name_country	geo_loc_name_country_continent	geo_loc_name	HOST	Instrument	isolation_source	lat_lon	Library Name	LibraryLayout	LibrarySelection	LibrarySource	Organism	Platform	ReleaseDate	create_date	version	Sample Name	SRA Study	replicates
SRR10983011	WGS	300	10387128900	PRJNA433459	SAMN08516737	Metagenome or environmental	4209346105	"RUIJIN HOSPITAL, SHANGHAI JIAO TONG UNIVERSITY SCHOOL OF MEDICINE"	not collected	public	"run.zq,sra,fastq"	"s3,gs,ncbi"	"ncbi.public,gs.us-east1,s3.us-east-1"	SRX7645503	China	Asia	China	Homo sapiens	HiSeq X Ten	feces	not collected	sy10	PAIRED	RANDOM	METAGENOMIC	gut metagenome	ILLUMINA	2020-09-22T00:00:00Z	2020-09-22T11:54:00Z	1	MC020	SRP245758	10
SRR10983012	WGS	300	10551238800	PRJNA433459	SAMN08516736	Metagenome or environmental	4674118851	"RUIJIN HOSPITAL, SHANGHAI JIAO TONG UNIVERSITY SCHOOL OF MEDICINE"	not collected	public	"sra,fastq,run.zq"	"ncbi,gs,s3"	"ncbi.public,s3.us-east-1,gs.us-east1"	SRX7645502	China	Asia	China	Homo sapiens	HiSeq X Ten	feces	not collected	sy9	PAIRED	RANDOM	METAGENOMIC	gut metagenome	ILLUMINA	2020-01-29T00:00:00Z	2020-01-29T06:16:00Z	1	MC018	SRP245758	9
SRR10983013	WGS	300	14670962400	PRJNA433459	SAMN08516807	Metagenome or environmental	6591638785	"RUIJIN HOSPITAL, SHANGHAI JIAO TONG UNIVERSITY SCHOOL OF MEDICINE"	not collected	public	"sra,run.zq,fastq"	"s3,ncbi,gs"	"s3.us-east-1,gs.us-east1,ncbi.public"	SRX7645501	China	Asia	China	Homo sapiens	HiSeq X Ten	feces	not collected	sy80	PAIRED	RANDOM	METAGENOMIC	gut metagenome	ILLUMINA	2020-09-22T00:00:00Z	2020-09-22T12:37:00Z	1	MP1045	SRP245758	80
SRR10983014	WGS	300	43675974600	PRJNA433459	SAMN08516806	Metagenome or environmental	19284101370	"RUIJIN HOSPITAL, SHANGHAI JIAO TONG UNIVERSITY SCHOOL OF MEDICINE"	not collected	public	"run.zq,fastq,sra"	"gs,s3,ncbi"	"ncbi.public,gs.us-east1,s3.us-east-1"	SRX7645500	China	Asia	China	Homo sapiens	HiSeq X Ten	feces	not collected	sy79	PAIRED	RANDOM	METAGENOMIC	gut metagenome	ILLUMINA	2020-09-22T00:00:00Z	2020-09-22T13:47:00Z	1	MP1043	SRP245758	79
SRR10983015	WGS	300	13036573500	PRJNA433459	SAMN08516805	Metagenome or environmental	5784791178	"RUIJIN HOSPITAL, SHANGHAI JIAO TONG UNIVERSITY SCHOOL OF MEDICINE"	not collected	public	"run.zq,fastq,sra"	"gs,s3,ncbi"	"ncbi.public,gs.us-east1,s3.us-east-1"	SRX7645499	China	Asia	China	Homo sapiens	HiSeq X Ten	feces	not collected	sy78	PAIRED	RANDOM	METAGENOMIC	gut metagenome	ILLUMINA	2020-09-22T00:00:00Z	2020-09-22T12:09:00Z	1	MP1042	SRP245758	78
SRR10983016	WGS	300	12138112200	PRJNA433459	SAMN08516804	Metagenome or environmental	5321369122	"RUIJIN HOSPITAL, SHANGHAI JIAO TONG UNIVERSITY SCHOOL OF MEDICINE"	not collected	public	"sra,fastq,run.zq"	"gs,s3,ncbi"	"s3.us-east-1,ncbi.public,gs.us-east1"	SRX7645498	China	Asia	China	Homo sapiens	HiSeq X Ten	feces	not collected	sy77	PAIRED	RANDOM	METAGENOMIC	gut metagenome	ILLUMINA	2020-01-29T00:00:00Z	2020-01-29T05:55:00Z	1	MP1037	SRP245758	77
SRR10983017	WGS	300	13539827400	PRJNA433459	SAMN08516803	Metagenome or environmental	6042882375	"RUIJIN HOSPITAL, SHANGHAI JIAO TONG UNIVERSITY SCHOOL OF MEDICINE"	not collected	public	"run.zq,sra,fastq"	"gs,s3,ncbi"	"gs.us-east1,ncbi.public,s3.us-east-1"	SRX7645497	China	Asia	China	Homo sapiens	HiSeq X Ten	feces	not collected	sy76	PAIRED	RANDOM	METAGENOMIC	gut metagenome	ILLUMINA	2020-09-22T00:00:00Z	2020-09-22T12:00:00Z	1	MP1023	SRP245758	76
SRR10983018	WGS	300	10617909600	PRJNA433459	SAMN08516802	Metagenome or environmental	4741969881	"RUIJIN HOSPITAL, SHANGHAI JIAO TONG UNIVERSITY SCHOOL OF MEDICINE"	not collected	public	"sra,fastq,run.zq"	"gs,s3,ncbi"	"s3.us-east-1,gs.us-east1,ncbi.public"	SRX7645496	China	Asia	China	Homo sapiens	HiSeq X Ten	feces	not collected	sy75	PAIRED	RANDOM	METAGENOMIC	gut metagenome	ILLUMINA	2020-09-22T00:00:00Z	2020-09-22T12:12:00Z	1	MP1016	SRP245758	75
SRR10983019	WGS	300	14519278200	PRJNA433459	SAMN08516801	Metagenome or environmental	6431198315	"RUIJIN HOSPITAL, SHANGHAI JIAO TONG UNIVERSITY SCHOOL OF MEDICINE"	not collected	public	"fastq,sra,run.zq"	"s3,ncbi,gs"	"gs.us-east1,ncbi.public,s3.us-east-1"	SRX7645495	China	Asia	China	Homo sapiens	HiSeq X Ten	feces	not collected	sy74	PAIRED	RANDOM	METAGENOMIC	gut metagenome	ILLUMINA	2020-01-29T00:00:00Z	2020-01-29T06:22:00Z	1	MP1015	SRP245758	74
SRR10983020	WGS	300	12443830500	PRJNA433459	SAMN08516800	Metagenome or environmental	5486564634	"RUIJIN HOSPITAL, SHANGHAI JIAO TONG UNIVERSITY SCHOOL OF MEDICINE"	not collected	public	"sra,fastq,run.zq"	"gs,s3,ncbi"	"ncbi.public,s3.us-east-1,gs.us-east1"	SRX7645494	China	Asia	China	Homo sapiens	HiSeq X Ten	feces	not collected	sy73	PAIRED	RANDOM	METAGENOMIC	gut metagenome	ILLUMINA	2020-09-22T00:00:00Z	2020-09-22T12:55:00Z	1	MP1011	SRP245758	73
SRR10983021	WGS	300	10674760200	PRJNA433459	SAMN08516799	Metagenome or environmental	4290943921	"RUIJIN HOSPITAL, SHANGHAI JIAO TONG UNIVERSITY SCHOOL OF MEDICINE"	not collected	public	"run.zq,sra,fastq"	"ncbi,s3,gs"	"gs.us-east1,ncbi.public,s3.us-east-1"	SRX7645493	China	Asia	China	Homo sapiens	HiSeq X Ten	feces	not collected	sy72	PAIRED	RANDOM	METAGENOMIC	gut metagenome	ILLUMINA	2020-01-29T00:00:00Z	2020-01-29T06:04:00Z	1	MP1009	SRP245758	72
SRR10983022	WGS	300	13957943100	PRJNA433459	SAMN08516798	Metagenome or environmental	6239509167	"RUIJIN HOSPITAL, SHANGHAI JIAO TONG UNIVERSITY SCHOOL OF MEDICINE"	not collected	public	"sra,run.zq,fastq"	"gs,ncbi,s3"	"gs.us-east1,ncbi.public,s3.us-east-1"	SRX7645492	China	Asia	China	Homo sapiens	HiSeq X Ten	feces	not collected	sy71	PAIRED	RANDOM	METAGENOMIC	gut metagenome	ILLUMINA	2020-09-22T00:00:00Z	2020-09-22T12:19:00Z	1	MP1006	SRP245758	71
SRR10983023	WGS	300	9978003000	PRJNA433459	SAMN08516735	Metagenome or environmental	4325828077	"RUIJIN HOSPITAL, SHANGHAI JIAO TONG UNIVERSITY SCHOOL OF MEDICINE"	not collected	public	"fastq,sra,run.zq"	"s3,ncbi,gs"	"gs.us-east1,s3.us-east-1,ncbi.public"	SRX7645491	China	Asia	China	Homo sapiens	HiSeq X Ten	feces	not collected	sy8	PAIRED	RANDOM	METAGENOMIC	gut metagenome	ILLUMINA	2020-09-22T00:00:00Z	2020-09-22T12:06:00Z	1	MC014	SRP245758	8
SRR10983024	WGS	300	12616581300	PRJNA433459	SAMN08516797	Metagenome or environmental	5588149874	"RUIJIN HOSPITAL, SHANGHAI JIAO TONG UNIVERSITY SCHOOL OF MEDICINE"	not collected	public	"sra,run.zq,fastq"	"ncbi,s3,gs"	"gs.us-east1,s3.us-east-1,ncbi.public"	SRX7645490	China	Asia	China	Homo sapiens	HiSeq X Ten	feces	not collected	sy70	PAIRED	RANDOM	METAGENOMIC	gut metagenome	ILLUMINA	2020-01-29T00:00:00Z	2020-01-29T05:49:00Z	1	MP066	SRP245758	70
SRR10983025	WGS	300	11948891700	PRJNA433459	SAMN08516796	Metagenome or environmental	5249179167	"RUIJIN HOSPITAL, SHANGHAI JIAO TONG UNIVERSITY SCHOOL OF MEDICINE"	not collected	public	"sra,run.zq,fastq"	"ncbi,gs,s3"	"ncbi.public,gs.us-east1,s3.us-east-1"	SRX7645489	China	Asia	China	Homo sapiens	HiSeq X Ten	feces	not collected	sy69	PAIRED	RANDOM	METAGENOMIC	gut metagenome	ILLUMINA	2020-09-22T00:00:00Z	2020-09-22T12:17:00Z	1	MP064	SRP245758	69
SRR10983026	WGS	300	19476318000	PRJNA433459	SAMN08516795	Metagenome or environmental	8664511357	"RUIJIN HOSPITAL, SHANGHAI JIAO TONG UNIVERSITY SCHOOL OF MEDICINE"	not collected	public	"fastq,sra,run.zq"	"ncbi,s3,gs"	"gs.us-east1,s3.us-east-1,ncbi.public"	SRX7645488	China	Asia	China	Homo sapiens	HiSeq X Ten	feces	not collected	sy68	PAIRED	RANDOM	METAGENOMIC	gut metagenome	ILLUMINA	2020-01-29T00:00:00Z	2020-01-29T06:05:00Z	1	MP063	SRP245758	68
SRR10983027	WGS	300	13193211600	PRJNA433459	SAMN08516794	Metagenome or environmental	5991593036	"RUIJIN HOSPITAL, SHANGHAI JIAO TONG UNIVERSITY SCHOOL OF MEDICINE"	not collected	public	"fastq,sra,run.zq"	"ncbi,s3,gs"	"gs.us-east1,s3.us-east-1,ncbi.public"	SRX7645487	China	Asia	China	Homo sapiens	HiSeq X Ten	feces	not collected	sy67	PAIRED	RANDOM	METAGENOMIC	gut metagenome	ILLUMINA	2020-09-22T00:00:00Z	2020-09-22T12:18:00Z	1	MP061	SRP245758	67
SRR10983028	WGS	300	12239415600	PRJNA433459	SAMN08516793	Metagenome or environmental	5453020860	"RUIJIN HOSPITAL, SHANGHAI JIAO TONG UNIVERSITY SCHOOL OF MEDICINE"	not collected	public	"sra,run.zq,fastq"	"s3,gs,ncbi"	"ncbi.public,gs.us-east1,s3.us-east-1"	SRX7645486	China	Asia	China	Homo sapiens	HiSeq X Ten	feces	not collected	sy66	PAIRED	RANDOM	METAGENOMIC	gut metagenome	ILLUMINA	2020-09-22T00:00:00Z	2020-09-22T12:06:00Z	1	MP059	SRP245758	66
SRR10983029	WGS	300	13658301300	PRJNA433459	SAMN08516792	Metagenome or environmental	6079982247	"RUIJIN HOSPITAL, SHANGHAI JIAO TONG UNIVERSITY SCHOOL OF MEDICINE"	not collected	public	"fastq,sra,run.zq"	"s3,gs,ncbi"	"gs.us-east1,s3.us-east-1,ncbi.public"	SRX7645485	China	Asia	China	Homo sapiens	HiSeq X Ten	feces	not collected	sy65	PAIRED	RANDOM	METAGENOMIC	gut metagenome	ILLUMINA	2020-09-22T00:00:00Z	2020-09-22T11:59:00Z	1	MP054	SRP245758	65
SRR10983030	WGS	300	12645417300	PRJNA433459	SAMN08516791	Metagenome or environmental	5675308266	"RUIJIN HOSPITAL, SHANGHAI JIAO TONG UNIVERSITY SCHOOL OF MEDICINE"	not collected	public	"sra,run.zq,fastq"	"s3,ncbi,gs"	"ncbi.public,gs.us-east1,s3.us-east-1"	SRX7645484	China	Asia	China	Homo sapiens	HiSeq X Ten	feces	not collected	sy64	PAIRED	RANDOM	METAGENOMIC	gut metagenome	ILLUMINA	2020-09-22T00:00:00Z	2020-09-22T12:01:00Z	1	MP053	SRP245758	64
SRR10983031	WGS	300	20822586000	PRJNA433459	SAMN08516790	Metagenome or environmental	9154198763	"RUIJIN HOSPITAL, SHANGHAI JIAO TONG UNIVERSITY SCHOOL OF MEDICINE"	not collected	public	"run.zq,sra,fastq"	"ncbi,s3,gs"	"ncbi.public,gs.us-east1,s3.us-east-1"	SRX7645483	China	Asia	China	Homo sapiens	HiSeq X Ten	feces	not collected	sy63	PAIRED	RANDOM	METAGENOMIC	gut metagenome	ILLUMINA	2020-09-22T00:00:00Z	2020-09-22T12:32:00Z	1	MP050	SRP245758	63
SRR10983032	WGS	300	38815759500	PRJNA433459	SAMN08516789	Metagenome or environmental	16773131527	"RUIJIN HOSPITAL, SHANGHAI JIAO TONG UNIVERSITY SCHOOL OF MEDICINE"	not collected	public	"fastq,run.zq,sra"	"ncbi,gs,s3"	"ncbi.public,s3.us-east-1,gs.us-east1"	SRX7645482	China	Asia	China	Homo sapiens	HiSeq X Ten	feces	not collected	sy62	PAIRED	RANDOM	METAGENOMIC	gut metagenome	ILLUMINA	2020-09-22T00:00:00Z	2020-09-22T14:27:00Z	1	MP038	SRP245758	62
SRR10983033	WGS	300	14327250000	PRJNA433459	SAMN08516788	Metagenome or environmental	6416260797	"RUIJIN HOSPITAL, SHANGHAI JIAO TONG UNIVERSITY SCHOOL OF MEDICINE"	not collected	public	"fastq,sra,run.zq"	"gs,ncbi,s3"	"gs.us-east1,ncbi.public,s3.us-east-1"	SRX7645481	China	Asia	China	Homo sapiens	HiSeq X Ten	feces	not collected	sy61	PAIRED	RANDOM	METAGENOMIC	gut metagenome	ILLUMINA	2020-09-22T00:00:00Z	2020-09-22T12:49:00Z	1	MP036	SRP245758	61
SRR10983034	WGS	300	10410945000	PRJNA433459	SAMN08516734	Metagenome or environmental	4612617996	"RUIJIN HOSPITAL, SHANGHAI JIAO TONG UNIVERSITY SCHOOL OF MEDICINE"	not collected	public	"run.zq,sra,fastq"	"s3,gs,ncbi"	"s3.us-east-1,ncbi.public,gs.us-east1"	SRX7645480	China	Asia	China	Homo sapiens	HiSeq X Ten	feces	not collected	sy7	PAIRED	RANDOM	METAGENOMIC	gut metagenome	ILLUMINA	2020-01-29T00:00:00Z	2020-01-29T05:26:00Z	1	MC013	SRP245758	7
SRR10983035	WGS	300	13627265400	PRJNA433459	SAMN08516787	Metagenome or environmental	5910509354	"RUIJIN HOSPITAL, SHANGHAI JIAO TONG UNIVERSITY SCHOOL OF MEDICINE"	not collected	public	"run.zq,fastq,sra"	"gs,ncbi,s3"	"ncbi.public,s3.us-east-1,gs.us-east1"	SRX7645479	China	Asia	China	Homo sapiens	HiSeq X Ten	feces	not collected	sy60	PAIRED	RANDOM	METAGENOMIC	gut metagenome	ILLUMINA	2020-01-29T00:00:00Z	2020-01-29T05:51:00Z	1	MP035	SRP245758	60
SRR10983036	WGS	300	18586324200	PRJNA433459	SAMN08516786	Metagenome or environmental	8147498622	"RUIJIN HOSPITAL, SHANGHAI JIAO TONG UNIVERSITY SCHOOL OF MEDICINE"	not collected	public	"sra,run.zq,fastq"	"s3,gs,ncbi"	"ncbi.public,s3.us-east-1,gs.us-east1"	SRX7645478	China	Asia	China	Homo sapiens	HiSeq X Ten	feces	not collected	sy59	PAIRED	RANDOM	METAGENOMIC	gut metagenome	ILLUMINA	2020-09-22T00:00:00Z	2020-09-22T12:15:00Z	1	MP034	SRP245758	59
SRR10983037	WGS	300	22809908100	PRJNA433459	SAMN08516785	Metagenome or environmental	9933221864	"RUIJIN HOSPITAL, SHANGHAI JIAO TONG UNIVERSITY SCHOOL OF MEDICINE"	not collected	public	"fastq,sra,run.zq"	"s3,ncbi,gs"	"ncbi.public,gs.us-east1,s3.us-east-1"	SRX7645477	China	Asia	China	Homo sapiens	HiSeq X Ten	feces	not collected	sy58	PAIRED	RANDOM	METAGENOMIC	gut metagenome	ILLUMINA	2020-01-29T00:00:00Z	2020-01-29T05:20:00Z	1	MP033	SRP245758	58
SRR10983038	WGS	300	15435349800	PRJNA433459	SAMN08516784	Metagenome or environmental	6653137624	"RUIJIN HOSPITAL, SHANGHAI JIAO TONG UNIVERSITY SCHOOL OF MEDICINE"	not collected	public	"sra,run.zq,fastq"	"ncbi,gs,s3"	"ncbi.public,gs.us-east1,s3.us-east-1"	SRX7645476	China	Asia	China	Homo sapiens	HiSeq X Ten	feces	not collected	sy57	PAIRED	RANDOM	METAGENOMIC	gut metagenome	ILLUMINA	2020-09-22T00:00:00Z	2020-09-22T12:15:00Z	1	MP032	SRP245758	57
SRR10983039	WGS	300	19543273500	PRJNA433459	SAMN08516783	Metagenome or environmental	8737605327	"RUIJIN HOSPITAL, SHANGHAI JIAO TONG UNIVERSITY SCHOOL OF MEDICINE"	not collected	public	"run.zq,fastq,sra"	"ncbi,gs,s3"	"s3.us-east-1,ncbi.public,gs.us-east1"	SRX7645475	China	Asia	China	Homo sapiens	HiSeq X Ten	feces	not collected	sy56	PAIRED	RANDOM	METAGENOMIC	gut metagenome	ILLUMINA	2020-09-22T00:00:00Z	2020-09-22T13:01:00Z	1	MP030	SRP245758	56
SRR10983040	WGS	300	9459772200	PRJNA433459	SAMN08516782	Metagenome or environmental	4212568473	"RUIJIN HOSPITAL, SHANGHAI JIAO TONG UNIVERSITY SCHOOL OF MEDICINE"	not collected	public	"run.zq,fastq,sra"	"s3,gs,ncbi"	"s3.us-east-1,ncbi.public,gs.us-east1"	SRX7645474	China	Asia	China	Homo sapiens	HiSeq X Ten	feces	not collected	sy55	PAIRED	RANDOM	METAGENOMIC	gut metagenome	ILLUMINA	2020-01-29T00:00:00Z	2020-01-29T05:57:00Z	1	MP029	SRP245758	55
SRR10983041	WGS	300	13968896100	PRJNA433459	SAMN08516781	Metagenome or environmental	6098235630	"RUIJIN HOSPITAL, SHANGHAI JIAO TONG UNIVERSITY SCHOOL OF MEDICINE"	not collected	public	"sra,run.zq,fastq"	"s3,gs,ncbi"	"gs.us-east1,ncbi.public,s3.us-east-1"	SRX7645473	China	Asia	China	Homo sapiens	HiSeq X Ten	feces	not collected	sy54	PAIRED	RANDOM	METAGENOMIC	gut metagenome	ILLUMINA	2020-09-22T00:00:00Z	2020-09-22T12:48:00Z	1	MP027	SRP245758	54
SRR10983042	WGS	300	10136823900	PRJNA433459	SAMN08516780	Metagenome or environmental	4499907882	"RUIJIN HOSPITAL, SHANGHAI JIAO TONG UNIVERSITY SCHOOL OF MEDICINE"	not collected	public	"fastq,run.zq,sra"	"ncbi,s3,gs"	"gs.us-east1,ncbi.public,s3.us-east-1"	SRX7645472	China	Asia	China	Homo sapiens	HiSeq X Ten	feces	not collected	sy53	PAIRED	RANDOM	METAGENOMIC	gut metagenome	ILLUMINA	2020-01-29T00:00:00Z	2020-01-29T05:25:00Z	1	MP025	SRP245758	53
SRR10983043	WGS	300	13494942600	PRJNA433459	SAMN08516779	Metagenome or environmental	6036401082	"RUIJIN HOSPITAL, SHANGHAI JIAO TONG UNIVERSITY SCHOOL OF MEDICINE"	not collected	public	"run.zq,fastq,sra"	"s3,ncbi,gs"	"ncbi.public,s3.us-east-1,gs.us-east1"	SRX7645471	China	Asia	China	Homo sapiens	HiSeq X Ten	feces	not collected	sy52	PAIRED	RANDOM	METAGENOMIC	gut metagenome	ILLUMINA	2020-09-22T00:00:00Z	2020-09-22T12:43:00Z	1	MP024	SRP245758	52
SRR10983044	WGS	300	10739829000	PRJNA433459	SAMN08516778	Metagenome or environmental	4704036233	"RUIJIN HOSPITAL, SHANGHAI JIAO TONG UNIVERSITY SCHOOL OF MEDICINE"	not collected	public	"fastq,run.zq,sra"	"gs,s3,ncbi"	"ncbi.public,s3.us-east-1,gs.us-east1"	SRX7645470	China	Asia	China	Homo sapiens	HiSeq X Ten	feces	not collected	sy51	PAIRED	RANDOM	METAGENOMIC	gut metagenome	ILLUMINA	2020-01-29T00:00:00Z	2020-01-29T06:05:00Z	1	MP021	SRP245758	51
SRR10983045	WGS	300	12825966300	PRJNA433459	SAMN08516733	Metagenome or environmental	5503665208	"RUIJIN HOSPITAL, SHANGHAI JIAO TONG UNIVERSITY SCHOOL OF MEDICINE"	not collected	public	"sra,fastq,run.zq"	"ncbi,s3,gs"	"ncbi.public,s3.us-east-1,gs.us-east1"	SRX7645469	China	Asia	China	Homo sapiens	HiSeq X Ten	feces	not collected	sy6	PAIRED	RANDOM	METAGENOMIC	gut metagenome	ILLUMINA	2020-01-29T00:00:00Z	2020-01-29T07:26:00Z	1	MC010	SRP245758	6
SRR10983046	WGS	300	10358176800	PRJNA433459	SAMN08516777	Metagenome or environmental	4672516101	"RUIJIN HOSPITAL, SHANGHAI JIAO TONG UNIVERSITY SCHOOL OF MEDICINE"	not collected	public	"sra,run.zq,fastq"	"gs,ncbi,s3"	"gs.us-east1,ncbi.public,s3.us-east-1"	SRX7645468	China	Asia	China	Homo sapiens	HiSeq X Ten	feces	not collected	sy50	PAIRED	RANDOM	METAGENOMIC	gut metagenome	ILLUMINA	2020-01-29T00:00:00Z	2020-01-29T05:28:00Z	1	MP020	SRP245758	50
SRR10983047	WGS	300	19530600000	PRJNA433459	SAMN08516776	Metagenome or environmental	8579273133	"RUIJIN HOSPITAL, SHANGHAI JIAO TONG UNIVERSITY SCHOOL OF MEDICINE"	not collected	public	"sra,run.zq,fastq"	"s3,ncbi,gs"	"s3.us-east-1,ncbi.public,gs.us-east1"	SRX7645467	China	Asia	China	Homo sapiens	HiSeq X Ten	feces	not collected	sy49	PAIRED	RANDOM	METAGENOMIC	gut metagenome	ILLUMINA	2020-09-22T00:00:00Z	2020-09-22T12:07:00Z	1	MP018	SRP245758	49
SRR10983048	WGS	300	11778174000	PRJNA433459	SAMN08516775	Metagenome or environmental	5222348003	"RUIJIN HOSPITAL, SHANGHAI JIAO TONG UNIVERSITY SCHOOL OF MEDICINE"	not collected	public	"sra,fastq,run.zq"	"s3,ncbi,gs"	"s3.us-east-1,gs.us-east1,ncbi.public"	SRX7645466	China	Asia	China	Homo sapiens	HiSeq X Ten	feces	not collected	sy48	PAIRED	RANDOM	METAGENOMIC	gut metagenome	ILLUMINA	2020-01-29T00:00:00Z	2020-01-29T05:13:00Z	1	MP014	SRP245758	48
SRR10983049	WGS	300	10487673900	PRJNA433459	SAMN08516774	Metagenome or environmental	4684549653	"RUIJIN HOSPITAL, SHANGHAI JIAO TONG UNIVERSITY SCHOOL OF MEDICINE"	not collected	public	"sra,run.zq,fastq"	"ncbi,gs,s3"	"gs.us-east1,s3.us-east-1,ncbi.public"	SRX7645465	China	Asia	China	Homo sapiens	HiSeq X Ten	feces	not collected	sy47	PAIRED	RANDOM	METAGENOMIC	gut metagenome	ILLUMINA	2020-09-22T00:00:00Z	2020-09-22T12:11:00Z	1	MP013	SRP245758	47
SRR10983050	WGS	300	11512959300	PRJNA433459	SAMN08516773	Metagenome or environmental	5051814227	"RUIJIN HOSPITAL, SHANGHAI JIAO TONG UNIVERSITY SCHOOL OF MEDICINE"	not collected	public	"fastq,sra,run.zq"	"ncbi,gs,s3"	"ncbi.public,s3.us-east-1,gs.us-east1"	SRX7645464	China	Asia	China	Homo sapiens	HiSeq X Ten	feces	not collected	sy46	PAIRED	RANDOM	METAGENOMIC	gut metagenome	ILLUMINA	2020-09-22T00:00:00Z	2020-09-22T12:13:00Z	1	MP010	SRP245758	46
SRR10983051	WGS	300	11024225700	PRJNA433459	SAMN08516772	Metagenome or environmental	4904890776	"RUIJIN HOSPITAL, SHANGHAI JIAO TONG UNIVERSITY SCHOOL OF MEDICINE"	not collected	public	"run.zq,sra,fastq"	"s3,ncbi,gs"	"gs.us-east1,ncbi.public,s3.us-east-1"	SRX7645463	China	Asia	China	Homo sapiens	HiSeq X Ten	feces	not collected	sy45	PAIRED	RANDOM	METAGENOMIC	gut metagenome	ILLUMINA	2020-01-29T00:00:00Z	2020-01-29T05:18:00Z	1	MP008	SRP245758	45
SRR10983052	WGS	300	25153092000	PRJNA433459	SAMN08516771	Metagenome or environmental	11142193162	"RUIJIN HOSPITAL, SHANGHAI JIAO TONG UNIVERSITY SCHOOL OF MEDICINE"	not collected	public	"run.zq,sra,fastq"	"ncbi,s3,gs"	"gs.us-east1,s3.us-east-1,ncbi.public"	SRX7645462	China	Asia	China	Homo sapiens	HiSeq X Ten	feces	not collected	sy44	PAIRED	RANDOM	METAGENOMIC	gut metagenome	ILLUMINA	2020-09-22T00:00:00Z	2020-09-22T13:18:00Z	1	MP005	SRP245758	44
SRR10983053	WGS	300	23861229900	PRJNA433459	SAMN08516770	Metagenome or environmental	10341995275	"RUIJIN HOSPITAL, SHANGHAI JIAO TONG UNIVERSITY SCHOOL OF MEDICINE"	not collected	public	"sra,fastq,run.zq"	"gs,s3,ncbi"	"ncbi.public,s3.us-east-1,gs.us-east1"	SRX7645461	China	Asia	China	Homo sapiens	HiSeq X Ten	feces	not collected	sy43	PAIRED	RANDOM	METAGENOMIC	gut metagenome	ILLUMINA	2020-09-22T00:00:00Z	2020-09-22T12:27:00Z	1	MP004	SRP245758	43
SRR10983054	WGS	300	15589836900	PRJNA433459	SAMN08516769	Metagenome or environmental	6852134822	"RUIJIN HOSPITAL, SHANGHAI JIAO TONG UNIVERSITY SCHOOL OF MEDICINE"	not collected	public	"run.zq,sra,fastq"	"ncbi,gs,s3"	"s3.us-east-1,ncbi.public,gs.us-east1"	SRX7645460	China	Asia	China	Homo sapiens	HiSeq X Ten	feces	not collected	sy42	PAIRED	RANDOM	METAGENOMIC	gut metagenome	ILLUMINA	2020-09-22T00:00:00Z	2020-09-22T12:51:00Z	1	MP003	SRP245758	42
SRR10983055	WGS	300	14873970900	PRJNA433459	SAMN08516768	Metagenome or environmental	6522545189	"RUIJIN HOSPITAL, SHANGHAI JIAO TONG UNIVERSITY SCHOOL OF MEDICINE"	not collected	public	"sra,run.zq,fastq"	"gs,ncbi,s3"	"s3.us-east-1,ncbi.public,gs.us-east1"	SRX7645459	China	Asia	China	Homo sapiens	HiSeq X Ten	feces	not collected	sy41	PAIRED	RANDOM	METAGENOMIC	gut metagenome	ILLUMINA	2020-01-29T00:00:00Z	2020-01-29T06:04:00Z	1	MP002	SRP245758	41
SRR10983056	WGS	300	10678061700	PRJNA433459	SAMN08516732	Metagenome or environmental	4239354607	"RUIJIN HOSPITAL, SHANGHAI JIAO TONG UNIVERSITY SCHOOL OF MEDICINE"	not collected	public	"run.zq,sra,fastq"	"s3,gs,ncbi"	"gs.us-east1,ncbi.public,s3.us-east-1"	SRX7645458	China	Asia	China	Homo sapiens	HiSeq X Ten	feces	not collected	sy5	PAIRED	RANDOM	METAGENOMIC	gut metagenome	ILLUMINA	2020-09-22T00:00:00Z	2020-09-22T12:54:00Z	1	MC008	SRP245758	5
SRR10983057	WGS	300	13627991100	PRJNA433459	SAMN08516767	Metagenome or environmental	6063337850	"RUIJIN HOSPITAL, SHANGHAI JIAO TONG UNIVERSITY SCHOOL OF MEDICINE"	not collected	public	"sra,fastq,run.zq"	"s3,gs,ncbi"	"ncbi.public,s3.us-east-1,gs.us-east1"	SRX7645457	China	Asia	China	Homo sapiens	HiSeq X Ten	feces	not collected	sy40	PAIRED	RANDOM	METAGENOMIC	gut metagenome	ILLUMINA	2020-01-29T00:00:00Z	2020-01-29T05:22:00Z	1	MC1045	SRP245758	40
SRR10983058	WGS	300	10572276900	PRJNA433459	SAMN08516766	Metagenome or environmental	4697911375	"RUIJIN HOSPITAL, SHANGHAI JIAO TONG UNIVERSITY SCHOOL OF MEDICINE"	not collected	public	"run.zq,sra,fastq"	"s3,ncbi,gs"	"ncbi.public,s3.us-east-1,gs.us-east1"	SRX7645456	China	Asia	China	Homo sapiens	HiSeq X Ten	feces	not collected	sy39	PAIRED	RANDOM	METAGENOMIC	gut metagenome	ILLUMINA	2020-01-29T00:00:00Z	2020-01-29T05:41:00Z	1	MC1043	SRP245758	39
SRR10983059	WGS	300	10767428700	PRJNA433459	SAMN08516765	Metagenome or environmental	4536149947	"RUIJIN HOSPITAL, SHANGHAI JIAO TONG UNIVERSITY SCHOOL OF MEDICINE"	not collected	public	"fastq,run.zq,sra"	"gs,ncbi,s3"	"ncbi.public,s3.us-east-1,gs.us-east1"	SRX7645455	China	Asia	China	Homo sapiens	HiSeq X Ten	feces	not collected	sy38	PAIRED	RANDOM	METAGENOMIC	gut metagenome	ILLUMINA	2020-09-22T00:00:00Z	2020-09-22T12:15:00Z	1	MC1042	SRP245758	38
SRR10983060	WGS	300	10016597700	PRJNA433459	SAMN08516764	Metagenome or environmental	4444458804	"RUIJIN HOSPITAL, SHANGHAI JIAO TONG UNIVERSITY SCHOOL OF MEDICINE"	not collected	public	"run.zq,sra,fastq"	"s3,ncbi,gs"	"ncbi.public,gs.us-east1,s3.us-east-1"	SRX7645454	China	Asia	China	Homo sapiens	HiSeq X Ten	feces	not collected	sy37	PAIRED	RANDOM	METAGENOMIC	gut metagenome	ILLUMINA	2020-01-29T00:00:00Z	2020-01-29T05:27:00Z	1	MC1035	SRP245758	37
SRR10983061	WGS	300	12671284200	PRJNA433459	SAMN08516763	Metagenome or environmental	5626195358	"RUIJIN HOSPITAL, SHANGHAI JIAO TONG UNIVERSITY SCHOOL OF MEDICINE"	not collected	public	"sra,run.zq,fastq"	"gs,s3,ncbi"	"ncbi.public,s3.us-east-1,gs.us-east1"	SRX7645453	China	Asia	China	Homo sapiens	HiSeq X Ten	feces	not collected	sy36	PAIRED	RANDOM	METAGENOMIC	gut metagenome	ILLUMINA	2020-01-29T00:00:00Z	2020-01-29T06:30:00Z	1	MC1023	SRP245758	36
SRR10983062	WGS	300	11445200100	PRJNA433459	SAMN08516762	Metagenome or environmental	5049386930	"RUIJIN HOSPITAL, SHANGHAI JIAO TONG UNIVERSITY SCHOOL OF MEDICINE"	not collected	public	"sra,fastq,run.zq"	"ncbi,s3,gs"	"gs.us-east1,ncbi.public,s3.us-east-1"	SRX7645452	China	Asia	China	Homo sapiens	HiSeq X Ten	feces	not collected	sy35	PAIRED	RANDOM	METAGENOMIC	gut metagenome	ILLUMINA	2020-09-22T00:00:00Z	2020-09-22T12:01:00Z	1	MC1016	SRP245758	35
SRR10983063	WGS	300	9860212800	PRJNA433459	SAMN08516761	Metagenome or environmental	4397799904	"RUIJIN HOSPITAL, SHANGHAI JIAO TONG UNIVERSITY SCHOOL OF MEDICINE"	not collected	public	"sra,fastq,run.zq"	"gs,ncbi,s3"	"s3.us-east-1,gs.us-east1,ncbi.public"	SRX7645451	China	Asia	China	Homo sapiens	HiSeq X Ten	feces	not collected	sy34	PAIRED	RANDOM	METAGENOMIC	gut metagenome	ILLUMINA	2020-09-22T00:00:00Z	2020-09-22T12:41:00Z	1	MC1015	SRP245758	34
SRR10983064	WGS	300	11082664200	PRJNA433459	SAMN08516760	Metagenome or environmental	4983267081	"RUIJIN HOSPITAL, SHANGHAI JIAO TONG UNIVERSITY SCHOOL OF MEDICINE"	not collected	public	"run.zq,sra,fastq"	"gs,s3,ncbi"	"s3.us-east-1,gs.us-east1,ncbi.public"	SRX7645450	China	Asia	China	Homo sapiens	HiSeq X Ten	feces	not collected	sy33	PAIRED	RANDOM	METAGENOMIC	gut metagenome	ILLUMINA	2020-09-22T00:00:00Z	2020-09-22T12:11:00Z	1	MC1011	SRP245758	33
SRR10983065	WGS	300	12380327400	PRJNA433459	SAMN08516759	Metagenome or environmental	5482709771	"RUIJIN HOSPITAL, SHANGHAI JIAO TONG UNIVERSITY SCHOOL OF MEDICINE"	not collected	public	"run.zq,sra,fastq"	"s3,ncbi,gs"	"ncbi.public,s3.us-east-1,gs.us-east1"	SRX7645449	China	Asia	China	Homo sapiens	HiSeq X Ten	feces	not collected	sy32	PAIRED	RANDOM	METAGENOMIC	gut metagenome	ILLUMINA	2020-01-29T00:00:00Z	2020-01-29T07:12:00Z	1	MC1009	SRP245758	32
SRR10983066	WGS	300	13191027900	PRJNA433459	SAMN08516758	Metagenome or environmental	5778911770	"RUIJIN HOSPITAL, SHANGHAI JIAO TONG UNIVERSITY SCHOOL OF MEDICINE"	not collected	public	"run.zq,fastq,sra"	"s3,ncbi,gs"	"s3.us-east-1,gs.us-east1,ncbi.public"	SRX7645448	China	Asia	China	Homo sapiens	HiSeq X Ten	feces	not collected	sy31	PAIRED	RANDOM	METAGENOMIC	gut metagenome	ILLUMINA	2020-09-22T00:00:00Z	2020-09-22T12:12:00Z	1	MC1006	SRP245758	31
SRR10983067	WGS	300	11142861300	PRJNA433459	SAMN08516731	Metagenome or environmental	4743523887	"RUIJIN HOSPITAL, SHANGHAI JIAO TONG UNIVERSITY SCHOOL OF MEDICINE"	not collected	public	"fastq,run.zq,sra"	"s3,ncbi,gs"	"ncbi.public,gs.us-east1,s3.us-east-1"	SRX7645447	China	Asia	China	Homo sapiens	HiSeq X Ten	feces	not collected	sy4	PAIRED	RANDOM	METAGENOMIC	gut metagenome	ILLUMINA	2020-09-22T00:00:00Z	2020-09-22T12:30:00Z	1	MC005	SRP245758	4
SRR10983068	WGS	300	15510176700	PRJNA433459	SAMN08516757	Metagenome or environmental	6969127129	"RUIJIN HOSPITAL, SHANGHAI JIAO TONG UNIVERSITY SCHOOL OF MEDICINE"	not collected	public	"fastq,run.zq,sra"	"gs,s3,ncbi"	"gs.us-east1,s3.us-east-1,ncbi.public"	SRX7645446	China	Asia	China	Homo sapiens	HiSeq X Ten	feces	not collected	sy30	PAIRED	RANDOM	METAGENOMIC	gut metagenome	ILLUMINA	2020-09-22T00:00:00Z	2020-09-22T12:19:00Z	1	MC066	SRP245758	30
SRR10983069	WGS	300	15337526400	PRJNA433459	SAMN08516756	Metagenome or environmental	6756330767	"RUIJIN HOSPITAL, SHANGHAI JIAO TONG UNIVERSITY SCHOOL OF MEDICINE"	not collected	public	"sra,fastq,run.zq"	"s3,gs,ncbi"	"gs.us-east1,ncbi.public,s3.us-east-1"	SRX7645445	China	Asia	China	Homo sapiens	HiSeq X Ten	feces	not collected	sy29	PAIRED	RANDOM	METAGENOMIC	gut metagenome	ILLUMINA	2020-09-22T00:00:00Z	2020-09-22T12:24:00Z	1	MC064	SRP245758	29
SRR10983070	WGS	300	10168036800	PRJNA433459	SAMN08516755	Metagenome or environmental	4156725978	"RUIJIN HOSPITAL, SHANGHAI JIAO TONG UNIVERSITY SCHOOL OF MEDICINE"	not collected	public	"fastq,sra,run.zq"	"s3,ncbi,gs"	"ncbi.public,s3.us-east-1,gs.us-east1"	SRX7645444	China	Asia	China	Homo sapiens	HiSeq X Ten	feces	not collected	sy28	PAIRED	RANDOM	METAGENOMIC	gut metagenome	ILLUMINA	2020-09-22T00:00:00Z	2020-09-22T12:23:00Z	1	MC063	SRP245758	28
SRR10983071	WGS	300	13591341000	PRJNA433459	SAMN08516754	Metagenome or environmental	6157227349	"RUIJIN HOSPITAL, SHANGHAI JIAO TONG UNIVERSITY SCHOOL OF MEDICINE"	not collected	public	"run.zq,fastq,sra"	"gs,ncbi,s3"	"gs.us-east1,s3.us-east-1,ncbi.public"	SRX7645443	China	Asia	China	Homo sapiens	HiSeq X Ten	feces	not collected	sy27	PAIRED	RANDOM	METAGENOMIC	gut metagenome	ILLUMINA	2020-01-29T00:00:00Z	2020-01-29T05:56:00Z	1	MC061	SRP245758	27
SRR10983072	WGS	300	13285606200	PRJNA433459	SAMN08516753	Metagenome or environmental	5969067725	"RUIJIN HOSPITAL, SHANGHAI JIAO TONG UNIVERSITY SCHOOL OF MEDICINE"	not collected	public	"sra,run.zq,fastq"	"s3,gs,ncbi"	"ncbi.public,s3.us-east-1,gs.us-east1"	SRX7645442	China	Asia	China	Homo sapiens	HiSeq X Ten	feces	not collected	sy26	PAIRED	RANDOM	METAGENOMIC	gut metagenome	ILLUMINA	2020-01-29T00:00:00Z	2020-01-29T05:41:00Z	1	MC059	SRP245758	26
SRR10983073	WGS	300	14324307900	PRJNA433459	SAMN08516752	Metagenome or environmental	6429266679	"RUIJIN HOSPITAL, SHANGHAI JIAO TONG UNIVERSITY SCHOOL OF MEDICINE"	not collected	public	"run.zq,fastq,sra"	"ncbi,s3,gs"	"s3.us-east-1,gs.us-east1,ncbi.public"	SRX7645441	China	Asia	China	Homo sapiens	HiSeq X Ten	feces	not collected	sy25	PAIRED	RANDOM	METAGENOMIC	gut metagenome	ILLUMINA	2020-01-29T00:00:00Z	2020-01-29T05:19:00Z	1	MC054	SRP245758	25
SRR10983074	WGS	300	19108336200	PRJNA433459	SAMN08516751	Metagenome or environmental	8683355756	"RUIJIN HOSPITAL, SHANGHAI JIAO TONG UNIVERSITY SCHOOL OF MEDICINE"	not collected	public	"run.zq,fastq,sra"	"ncbi,s3,gs"	"ncbi.public,gs.us-east1,s3.us-east-1"	SRX7645440	China	Asia	China	Homo sapiens	HiSeq X Ten	feces	not collected	sy24	PAIRED	RANDOM	METAGENOMIC	gut metagenome	ILLUMINA	2020-01-29T00:00:00Z	2020-01-29T05:35:00Z	1	MC053	SRP245758	24
SRR10983075	WGS	300	15337157400	PRJNA433459	SAMN08516750	Metagenome or environmental	6990981010	"RUIJIN HOSPITAL, SHANGHAI JIAO TONG UNIVERSITY SCHOOL OF MEDICINE"	not collected	public	"sra,run.zq,fastq"	"s3,gs,ncbi"	"ncbi.public,gs.us-east1,s3.us-east-1"	SRX7645439	China	Asia	China	Homo sapiens	HiSeq X Ten	feces	not collected	sy23	PAIRED	RANDOM	METAGENOMIC	gut metagenome	ILLUMINA	2020-01-29T00:00:00Z	2020-01-29T06:12:00Z	1	MC050	SRP245758	23
SRR10983076	WGS	300	16617753300	PRJNA433459	SAMN08516749	Metagenome or environmental	7483868433	"RUIJIN HOSPITAL, SHANGHAI JIAO TONG UNIVERSITY SCHOOL OF MEDICINE"	not collected	public	"fastq,sra,run.zq"	"ncbi,s3,gs"	"s3.us-east-1,gs.us-east1,ncbi.public"	SRX7645438	China	Asia	China	Homo sapiens	HiSeq X Ten	feces	not collected	sy22	PAIRED	RANDOM	METAGENOMIC	gut metagenome	ILLUMINA	2020-01-29T00:00:00Z	2020-01-29T05:56:00Z	1	MC038	SRP245758	22
SRR10983077	WGS	300	13165770600	PRJNA433459	SAMN08516748	Metagenome or environmental	5905761216	"RUIJIN HOSPITAL, SHANGHAI JIAO TONG UNIVERSITY SCHOOL OF MEDICINE"	not collected	public	"fastq,run.zq,sra"	"ncbi,s3,gs"	"gs.us-east1,ncbi.public,s3.us-east-1"	SRX7645437	China	Asia	China	Homo sapiens	HiSeq X Ten	feces	not collected	sy21	PAIRED	RANDOM	METAGENOMIC	gut metagenome	ILLUMINA	2020-09-22T00:00:00Z	2020-09-22T12:32:00Z	1	MC037	SRP245758	21
SRR10983078	WGS	300	11433347100	PRJNA433459	SAMN08516730	Metagenome or environmental	4440477582	"RUIJIN HOSPITAL, SHANGHAI JIAO TONG UNIVERSITY SCHOOL OF MEDICINE"	not collected	public	"sra,run.zq,fastq"	"ncbi,gs,s3"	"ncbi.public,s3.us-east-1,gs.us-east1"	SRX7645436	China	Asia	China	Homo sapiens	HiSeq X Ten	feces	not collected	sy3	PAIRED	RANDOM	METAGENOMIC	gut metagenome	ILLUMINA	2020-01-29T00:00:00Z	2020-01-29T05:37:00Z	1	MC004	SRP245758	3
SRR10983079	WGS	300	13030523700	PRJNA433459	SAMN08516747	Metagenome or environmental	5839571991	"RUIJIN HOSPITAL, SHANGHAI JIAO TONG UNIVERSITY SCHOOL OF MEDICINE"	not collected	public	"run.zq,sra,fastq"	"gs,ncbi,s3"	"s3.us-east-1,gs.us-east1,ncbi.public"	SRX7645435	China	Asia	China	Homo sapiens	HiSeq X Ten	feces	not collected	sy20	PAIRED	RANDOM	METAGENOMIC	gut metagenome	ILLUMINA	2020-09-22T00:00:00Z	2020-09-22T12:27:00Z	1	MC036	SRP245758	20
SRR10983080	WGS	300	11025651900	PRJNA433459	SAMN08516746	Metagenome or environmental	5034928063	"RUIJIN HOSPITAL, SHANGHAI JIAO TONG UNIVERSITY SCHOOL OF MEDICINE"	not collected	public	"run.zq,fastq,sra"	"gs,s3,ncbi"	"s3.us-east-1,ncbi.public,gs.us-east1"	SRX7645434	China	Asia	China	Homo sapiens	HiSeq X Ten	feces	not collected	sy19	PAIRED	RANDOM	METAGENOMIC	gut metagenome	ILLUMINA	2020-09-22T00:00:00Z	2020-09-22T12:22:00Z	1	MC034	SRP245758	19
SRR10983081	WGS	300	16635900900	PRJNA433459	SAMN08516745	Metagenome or environmental	7398112005	"RUIJIN HOSPITAL, SHANGHAI JIAO TONG UNIVERSITY SCHOOL OF MEDICINE"	not collected	public	"fastq,sra,run.zq"	"gs,ncbi,s3"	"ncbi.public,gs.us-east1,s3.us-east-1"	SRX7645433	China	Asia	China	Homo sapiens	HiSeq X Ten	feces	not collected	sy18	PAIRED	RANDOM	METAGENOMIC	gut metagenome	ILLUMINA	2020-01-29T00:00:00Z	2020-01-29T05:53:00Z	1	MC033	SRP245758	18
SRR10983082	WGS	300	14989611900	PRJNA433459	SAMN08516744	Metagenome or environmental	6674709913	"RUIJIN HOSPITAL, SHANGHAI JIAO TONG UNIVERSITY SCHOOL OF MEDICINE"	not collected	public	"fastq,run.zq,sra"	"ncbi,s3,gs"	"gs.us-east1,ncbi.public,s3.us-east-1"	SRX7645432	China	Asia	China	Homo sapiens	HiSeq X Ten	feces	not collected	sy17	PAIRED	RANDOM	METAGENOMIC	gut metagenome	ILLUMINA	2020-01-29T00:00:00Z	2020-01-29T05:41:00Z	1	MC032	SRP245758	17
SRR10983083	WGS	300	16409226300	PRJNA433459	SAMN08516743	Metagenome or environmental	7315797997	"RUIJIN HOSPITAL, SHANGHAI JIAO TONG UNIVERSITY SCHOOL OF MEDICINE"	not collected	public	"sra,run.zq,fastq"	"s3,ncbi,gs"	"s3.us-east-1,ncbi.public,gs.us-east1"	SRX7645431	China	Asia	China	Homo sapiens	HiSeq X Ten	feces	not collected	sy16	PAIRED	RANDOM	METAGENOMIC	gut metagenome	ILLUMINA	2020-09-22T00:00:00Z	2020-09-22T12:28:00Z	1	MC030	SRP245758	16
SRR10983084	WGS	300	14290732200	PRJNA433459	SAMN08516742	Metagenome or environmental	6228439150	"RUIJIN HOSPITAL, SHANGHAI JIAO TONG UNIVERSITY SCHOOL OF MEDICINE"	not collected	public	"fastq,sra,run.zq"	"gs,ncbi,s3"	"s3.us-east-1,ncbi.public,gs.us-east1"	SRX7645430	China	Asia	China	Homo sapiens	HiSeq X Ten	feces	not collected	sy15	PAIRED	RANDOM	METAGENOMIC	gut metagenome	ILLUMINA	2020-01-29T00:00:00Z	2020-01-29T05:52:00Z	1	MC029	SRP245758	15
SRR10983085	WGS	300	15000244200	PRJNA433459	SAMN08516741	Metagenome or environmental	6677497915	"RUIJIN HOSPITAL, SHANGHAI JIAO TONG UNIVERSITY SCHOOL OF MEDICINE"	not collected	public	"sra,run.zq,fastq"	"gs,ncbi,s3"	"gs.us-east1,s3.us-east-1,ncbi.public"	SRX7645429	China	Asia	China	Homo sapiens	HiSeq X Ten	feces	not collected	sy14	PAIRED	RANDOM	METAGENOMIC	gut metagenome	ILLUMINA	2020-01-29T00:00:00Z	2020-01-29T06:48:00Z	1	MC027	SRP245758	14
SRR10983086	WGS	300	14603362200	PRJNA433459	SAMN08516740	Metagenome or environmental	6449641247	"RUIJIN HOSPITAL, SHANGHAI JIAO TONG UNIVERSITY SCHOOL OF MEDICINE"	not collected	public	"run.zq,sra,fastq"	"s3,ncbi,gs"	"s3.us-east-1,gs.us-east1,ncbi.public"	SRX7645428	China	Asia	China	Homo sapiens	HiSeq X Ten	feces	not collected	sy13	PAIRED	RANDOM	METAGENOMIC	gut metagenome	ILLUMINA	2020-09-22T00:00:00Z	2020-09-22T12:23:00Z	1	MC025	SRP245758	13
SRR10983087	WGS	300	18176647800	PRJNA433459	SAMN08516739	Metagenome or environmental	7917795166	"RUIJIN HOSPITAL, SHANGHAI JIAO TONG UNIVERSITY SCHOOL OF MEDICINE"	not collected	public	"sra,fastq,run.zq"	"ncbi,gs,s3"	"ncbi.public,s3.us-east-1,gs.us-east1"	SRX7645427	China	Asia	China	Homo sapiens	HiSeq X Ten	feces	not collected	sy12	PAIRED	RANDOM	METAGENOMIC	gut metagenome	ILLUMINA	2020-01-29T00:00:00Z	2020-01-29T07:47:00Z	1	MC024	SRP245758	12
SRR10983088	WGS	300	13738444800	PRJNA433459	SAMN08516738	Metagenome or environmental	6144389828	"RUIJIN HOSPITAL, SHANGHAI JIAO TONG UNIVERSITY SCHOOL OF MEDICINE"	not collected	public	"fastq,run.zq,sra"	"ncbi,gs,s3"	"ncbi.public,s3.us-east-1,gs.us-east1"	SRX7645426	China	Asia	China	Homo sapiens	HiSeq X Ten	feces	not collected	sy11	PAIRED	RANDOM	METAGENOMIC	gut metagenome	ILLUMINA	2020-09-22T00:00:00Z	2020-09-22T12:22:00Z	1	MC021	SRP245758	11
SRR10983089	WGS	300	12400092300	PRJNA433459	SAMN08512090	Metagenome or environmental	4915648029	"RUIJIN HOSPITAL, SHANGHAI JIAO TONG UNIVERSITY SCHOOL OF MEDICINE"	not collected	public	"run.zq,fastq,sra"	"gs,ncbi,s3"	"ncbi.public,s3.us-east-1,gs.us-east1"	SRX7645425	China	Asia	China	Homo sapiens	HiSeq X Ten	feces	not collected	sy2	PAIRED	RANDOM	METAGENOMIC	gut metagenome	ILLUMINA	2020-09-22T00:00:00Z	2020-09-22T12:45:00Z	1	MC003	SRP245758	
SRR10983090	WGS	300	11805039300	PRJNA433459	SAMN08511838	Metagenome or environmental	5283499349	"RUIJIN HOSPITAL, SHANGHAI JIAO TONG UNIVERSITY SCHOOL OF MEDICINE"	not collected	public	"fastq,run.zq,sra"	"ncbi,s3,gs"	"ncbi.public,gs.us-east1,s3.us-east-1"	SRX7645424	China	Asia	China	Homo sapiens	HiSeq X Ten	feces	not collected	sy1	PAIRED	RANDOM	METAGENOMIC	gut metagenome	ILLUMINA	2020-01-29T00:00:00Z	2020-01-29T05:38:00Z	1	MC002	SRP245758	