"curation_id","study_name","sample_id","subject_id","target_condition","target_condition_ontology_term_id","body_site","body_site_ontology_term_id","host_species","host_species_ontology_term_id","control","control_ontology_term_id","age","age_group","age_group_ontology_term_id","age_unit","age_unit_ontology_term_id","sex","sex_ontology_term_id","disease","disease_ontology_term_id","curator"
"MazmanianS_DeCastroFonsecaM_1:CALTEC-001-WT1_2mo","MazmanianS_DeCastroFonsecaM_1","CALTEC-001-WT1_2mo","CALTEC-001-WT1_2mo","Parkinson Disease","NCIT:C26845","feces","UBERON:0001988","Mus musculus","NCBITaxon:10090","Study Control","NCIT:C142703",2,NA,NA,"Month","NCIT:C29846",NA,NA,NA,NA,"Kaelyn Long"
"MazmanianS_DeCastroFonsecaM_1:CALTEC-001-WT2_2mo","MazmanianS_DeCastroFonsecaM_1","CALTEC-001-WT2_2mo","CALTEC-001-WT2_2mo","Parkinson Disease","NCIT:C26845","feces","UBERON:0001988","Mus musculus","NCBITaxon:10090","Study Control","NCIT:C142703",2,NA,NA,"Month","NCIT:C29846",NA,NA,NA,NA,"Kaelyn Long"
"MazmanianS_DeCastroFonsecaM_1:CALTEC-001-WT3_2mo","MazmanianS_DeCastroFonsecaM_1","CALTEC-001-WT3_2mo","CALTEC-001-WT3_2mo","Parkinson Disease","NCIT:C26845","feces","UBERON:0001988","Mus musculus","NCBITaxon:10090","Study Control","NCIT:C142703",2,NA,NA,"Month","NCIT:C29846",NA,NA,NA,NA,"Kaelyn Long"
"MazmanianS_DeCastroFonsecaM_1:CALTEC-001-WT4_2mo","MazmanianS_DeCastroFonsecaM_1","CALTEC-001-WT4_2mo","CALTEC-001-WT4_2mo","Parkinson Disease","NCIT:C26845","feces","UBERON:0001988","Mus musculus","NCBITaxon:10090","Study Control","NCIT:C142703",2,NA,NA,"Month","NCIT:C29846",NA,NA,NA,NA,"Kaelyn Long"
"MazmanianS_DeCastroFonsecaM_1:CALTEC-001-WT5_2mo","MazmanianS_DeCastroFonsecaM_1","CALTEC-001-WT5_2mo","CALTEC-001-WT5_2mo","Parkinson Disease","NCIT:C26845","feces","UBERON:0001988","Mus musculus","NCBITaxon:10090","Study Control","NCIT:C142703",2,NA,NA,"Month","NCIT:C29846",NA,NA,NA,NA,"Kaelyn Long"
"MazmanianS_DeCastroFonsecaM_1:CALTEC-001-WT6_2mo","MazmanianS_DeCastroFonsecaM_1","CALTEC-001-WT6_2mo","CALTEC-001-WT6_2mo","Parkinson Disease","NCIT:C26845","feces","UBERON:0001988","Mus musculus","NCBITaxon:10090","Study Control","NCIT:C142703",2,NA,NA,"Month","NCIT:C29846",NA,NA,NA,NA,"Kaelyn Long"
"MazmanianS_DeCastroFonsecaM_1:CALTEC-001-WT7_2mo","MazmanianS_DeCastroFonsecaM_1","CALTEC-001-WT7_2mo","CALTEC-001-WT7_2mo","Parkinson Disease","NCIT:C26845","feces","UBERON:0001988","Mus musculus","NCBITaxon:10090","Study Control","NCIT:C142703",2,NA,NA,"Month","NCIT:C29846",NA,NA,NA,NA,"Kaelyn Long"
"MazmanianS_DeCastroFonsecaM_1:CALTEC-001-WT8_2mo","MazmanianS_DeCastroFonsecaM_1","CALTEC-001-WT8_2mo","CALTEC-001-WT8_2mo","Parkinson Disease","NCIT:C26845","feces","UBERON:0001988","Mus musculus","NCBITaxon:10090","Study Control","NCIT:C142703",2,NA,NA,"Month","NCIT:C29846",NA,NA,NA,NA,"Kaelyn Long"
"MazmanianS_DeCastroFonsecaM_1:CALTEC-001-WT9_2mo","MazmanianS_DeCastroFonsecaM_1","CALTEC-001-WT9_2mo","CALTEC-001-WT9_2mo","Parkinson Disease","NCIT:C26845","feces","UBERON:0001988","Mus musculus","NCBITaxon:10090","Study Control","NCIT:C142703",2,NA,NA,"Month","NCIT:C29846",NA,NA,NA,NA,"Kaelyn Long"
"MazmanianS_DeCastroFonsecaM_1:CALTEC-001-WT10_2mo","MazmanianS_DeCastroFonsecaM_1","CALTEC-001-WT10_2mo","CALTEC-001-WT10_2mo","Parkinson Disease","NCIT:C26845","feces","UBERON:0001988","Mus musculus","NCBITaxon:10090","Study Control","NCIT:C142703",2,NA,NA,"Month","NCIT:C29846",NA,NA,NA,NA,"Kaelyn Long"
"MazmanianS_DeCastroFonsecaM_1:CALTEC-001-WT1_5mo","MazmanianS_DeCastroFonsecaM_1","CALTEC-001-WT1_5mo","CALTEC-001-WT1_5mo","Parkinson Disease","NCIT:C26845","feces","UBERON:0001988","Mus musculus","NCBITaxon:10090","Study Control","NCIT:C142703",5,NA,NA,"Month","NCIT:C29846",NA,NA,NA,NA,"Kaelyn Long"
"MazmanianS_DeCastroFonsecaM_1:CALTEC-001-WT2_5mo","MazmanianS_DeCastroFonsecaM_1","CALTEC-001-WT2_5mo","CALTEC-001-WT2_5mo","Parkinson Disease","NCIT:C26845","feces","UBERON:0001988","Mus musculus","NCBITaxon:10090","Study Control","NCIT:C142703",5,NA,NA,"Month","NCIT:C29846",NA,NA,NA,NA,"Kaelyn Long"
"MazmanianS_DeCastroFonsecaM_1:CALTEC-001-WT3_5mo","MazmanianS_DeCastroFonsecaM_1","CALTEC-001-WT3_5mo","CALTEC-001-WT3_5mo","Parkinson Disease","NCIT:C26845","feces","UBERON:0001988","Mus musculus","NCBITaxon:10090","Study Control","NCIT:C142703",5,NA,NA,"Month","NCIT:C29846",NA,NA,NA,NA,"Kaelyn Long"
"MazmanianS_DeCastroFonsecaM_1:CALTEC-001-WT4_5mo","MazmanianS_DeCastroFonsecaM_1","CALTEC-001-WT4_5mo","CALTEC-001-WT4_5mo","Parkinson Disease","NCIT:C26845","feces","UBERON:0001988","Mus musculus","NCBITaxon:10090","Study Control","NCIT:C142703",5,NA,NA,"Month","NCIT:C29846",NA,NA,NA,NA,"Kaelyn Long"
"MazmanianS_DeCastroFonsecaM_1:CALTEC-001-WT5_5mo","MazmanianS_DeCastroFonsecaM_1","CALTEC-001-WT5_5mo","CALTEC-001-WT5_5mo","Parkinson Disease","NCIT:C26845","feces","UBERON:0001988","Mus musculus","NCBITaxon:10090","Study Control","NCIT:C142703",5,NA,NA,"Month","NCIT:C29846",NA,NA,NA,NA,"Kaelyn Long"
"MazmanianS_DeCastroFonsecaM_1:CALTEC-001-WT6_5mo","MazmanianS_DeCastroFonsecaM_1","CALTEC-001-WT6_5mo","CALTEC-001-WT6_5mo","Parkinson Disease","NCIT:C26845","feces","UBERON:0001988","Mus musculus","NCBITaxon:10090","Study Control","NCIT:C142703",5,NA,NA,"Month","NCIT:C29846",NA,NA,NA,NA,"Kaelyn Long"
"MazmanianS_DeCastroFonsecaM_1:CALTEC-001-WT7_5mo","MazmanianS_DeCastroFonsecaM_1","CALTEC-001-WT7_5mo","CALTEC-001-WT7_5mo","Parkinson Disease","NCIT:C26845","feces","UBERON:0001988","Mus musculus","NCBITaxon:10090","Study Control","NCIT:C142703",5,NA,NA,"Month","NCIT:C29846",NA,NA,NA,NA,"Kaelyn Long"
"MazmanianS_DeCastroFonsecaM_1:CALTEC-001-WT8_5mo","MazmanianS_DeCastroFonsecaM_1","CALTEC-001-WT8_5mo","CALTEC-001-WT8_5mo","Parkinson Disease","NCIT:C26845","feces","UBERON:0001988","Mus musculus","NCBITaxon:10090","Study Control","NCIT:C142703",5,NA,NA,"Month","NCIT:C29846",NA,NA,NA,NA,"Kaelyn Long"
"MazmanianS_DeCastroFonsecaM_1:CALTEC-001-WT9_5mo","MazmanianS_DeCastroFonsecaM_1","CALTEC-001-WT9_5mo","CALTEC-001-WT9_5mo","Parkinson Disease","NCIT:C26845","feces","UBERON:0001988","Mus musculus","NCBITaxon:10090","Study Control","NCIT:C142703",5,NA,NA,"Month","NCIT:C29846",NA,NA,NA,NA,"Kaelyn Long"
"MazmanianS_DeCastroFonsecaM_1:CALTEC-001-WT10_5mo","MazmanianS_DeCastroFonsecaM_1","CALTEC-001-WT10_5mo","CALTEC-001-WT10_5mo","Parkinson Disease","NCIT:C26845","feces","UBERON:0001988","Mus musculus","NCBITaxon:10090","Study Control","NCIT:C142703",5,NA,NA,"Month","NCIT:C29846",NA,NA,NA,NA,"Kaelyn Long"
"MazmanianS_DeCastroFonsecaM_1:CALTEC-001-WT1_12mo","MazmanianS_DeCastroFonsecaM_1","CALTEC-001-WT1_12mo","CALTEC-001-WT1_12mo","Parkinson Disease","NCIT:C26845","feces","UBERON:0001988","Mus musculus","NCBITaxon:10090","Study Control","NCIT:C142703",12,NA,NA,"Month","NCIT:C29846",NA,NA,NA,NA,"Kaelyn Long"
"MazmanianS_DeCastroFonsecaM_1:CALTEC-001-WT2_12mo","MazmanianS_DeCastroFonsecaM_1","CALTEC-001-WT2_12mo","CALTEC-001-WT2_12mo","Parkinson Disease","NCIT:C26845","feces","UBERON:0001988","Mus musculus","NCBITaxon:10090","Study Control","NCIT:C142703",12,NA,NA,"Month","NCIT:C29846",NA,NA,NA,NA,"Kaelyn Long"
"MazmanianS_DeCastroFonsecaM_1:CALTEC-001-WT3_12mo","MazmanianS_DeCastroFonsecaM_1","CALTEC-001-WT3_12mo","CALTEC-001-WT3_12mo","Parkinson Disease","NCIT:C26845","feces","UBERON:0001988","Mus musculus","NCBITaxon:10090","Study Control","NCIT:C142703",12,NA,NA,"Month","NCIT:C29846",NA,NA,NA,NA,"Kaelyn Long"
"MazmanianS_DeCastroFonsecaM_1:CALTEC-001-WT4_12mo","MazmanianS_DeCastroFonsecaM_1","CALTEC-001-WT4_12mo","CALTEC-001-WT4_12mo","Parkinson Disease","NCIT:C26845","feces","UBERON:0001988","Mus musculus","NCBITaxon:10090","Study Control","NCIT:C142703",12,NA,NA,"Month","NCIT:C29846",NA,NA,NA,NA,"Kaelyn Long"
"MazmanianS_DeCastroFonsecaM_1:CALTEC-001-WT5_12mo","MazmanianS_DeCastroFonsecaM_1","CALTEC-001-WT5_12mo","CALTEC-001-WT5_12mo","Parkinson Disease","NCIT:C26845","feces","UBERON:0001988","Mus musculus","NCBITaxon:10090","Study Control","NCIT:C142703",12,NA,NA,"Month","NCIT:C29846",NA,NA,NA,NA,"Kaelyn Long"
"MazmanianS_DeCastroFonsecaM_1:CALTEC-001-WT6_12mo","MazmanianS_DeCastroFonsecaM_1","CALTEC-001-WT6_12mo","CALTEC-001-WT6_12mo","Parkinson Disease","NCIT:C26845","feces","UBERON:0001988","Mus musculus","NCBITaxon:10090","Study Control","NCIT:C142703",12,NA,NA,"Month","NCIT:C29846",NA,NA,NA,NA,"Kaelyn Long"
"MazmanianS_DeCastroFonsecaM_1:CALTEC-001-WT7_12mo","MazmanianS_DeCastroFonsecaM_1","CALTEC-001-WT7_12mo","CALTEC-001-WT7_12mo","Parkinson Disease","NCIT:C26845","feces","UBERON:0001988","Mus musculus","NCBITaxon:10090","Study Control","NCIT:C142703",12,NA,NA,"Month","NCIT:C29846",NA,NA,NA,NA,"Kaelyn Long"
"MazmanianS_DeCastroFonsecaM_1:CALTEC-001-WT8_12mo","MazmanianS_DeCastroFonsecaM_1","CALTEC-001-WT8_12mo","CALTEC-001-WT8_12mo","Parkinson Disease","NCIT:C26845","feces","UBERON:0001988","Mus musculus","NCBITaxon:10090","Study Control","NCIT:C142703",12,NA,NA,"Month","NCIT:C29846",NA,NA,NA,NA,"Kaelyn Long"
"MazmanianS_DeCastroFonsecaM_1:CALTEC-001-WT9_12mo","MazmanianS_DeCastroFonsecaM_1","CALTEC-001-WT9_12mo","CALTEC-001-WT9_12mo","Parkinson Disease","NCIT:C26845","feces","UBERON:0001988","Mus musculus","NCBITaxon:10090","Study Control","NCIT:C142703",12,NA,NA,"Month","NCIT:C29846",NA,NA,NA,NA,"Kaelyn Long"
"MazmanianS_DeCastroFonsecaM_1:CALTEC-001-WT10_12mo","MazmanianS_DeCastroFonsecaM_1","CALTEC-001-WT10_12mo","CALTEC-001-WT10_12mo","Parkinson Disease","NCIT:C26845","feces","UBERON:0001988","Mus musculus","NCBITaxon:10090","Study Control","NCIT:C142703",12,NA,NA,"Month","NCIT:C29846",NA,NA,NA,NA,"Kaelyn Long"
"MazmanianS_DeCastroFonsecaM_1:CALTEC-001-ASO1_2mo","MazmanianS_DeCastroFonsecaM_1","CALTEC-001-ASO1_2mo","CALTEC-001-ASO1_2mo","Parkinson Disease","NCIT:C26845","feces","UBERON:0001988","Mus musculus","NCBITaxon:10090","Case","NCIT:C49152",2,NA,NA,"Month","NCIT:C29846",NA,NA,NA,NA,"Kaelyn Long"
"MazmanianS_DeCastroFonsecaM_1:CALTEC-001-ASO2_2mo","MazmanianS_DeCastroFonsecaM_1","CALTEC-001-ASO2_2mo","CALTEC-001-ASO2_2mo","Parkinson Disease","NCIT:C26845","feces","UBERON:0001988","Mus musculus","NCBITaxon:10090","Case","NCIT:C49152",2,NA,NA,"Month","NCIT:C29846",NA,NA,NA,NA,"Kaelyn Long"
"MazmanianS_DeCastroFonsecaM_1:CALTEC-001-ASO3_2mo","MazmanianS_DeCastroFonsecaM_1","CALTEC-001-ASO3_2mo","CALTEC-001-ASO3_2mo","Parkinson Disease","NCIT:C26845","feces","UBERON:0001988","Mus musculus","NCBITaxon:10090","Case","NCIT:C49152",2,NA,NA,"Month","NCIT:C29846",NA,NA,NA,NA,"Kaelyn Long"
"MazmanianS_DeCastroFonsecaM_1:CALTEC-001-ASO4_2mo","MazmanianS_DeCastroFonsecaM_1","CALTEC-001-ASO4_2mo","CALTEC-001-ASO4_2mo","Parkinson Disease","NCIT:C26845","feces","UBERON:0001988","Mus musculus","NCBITaxon:10090","Case","NCIT:C49152",2,NA,NA,"Month","NCIT:C29846",NA,NA,NA,NA,"Kaelyn Long"
"MazmanianS_DeCastroFonsecaM_1:CALTEC-001-ASO5_2mo","MazmanianS_DeCastroFonsecaM_1","CALTEC-001-ASO5_2mo","CALTEC-001-ASO5_2mo","Parkinson Disease","NCIT:C26845","feces","UBERON:0001988","Mus musculus","NCBITaxon:10090","Case","NCIT:C49152",2,NA,NA,"Month","NCIT:C29846",NA,NA,NA,NA,"Kaelyn Long"
"MazmanianS_DeCastroFonsecaM_1:CALTEC-001-ASO6_2mo","MazmanianS_DeCastroFonsecaM_1","CALTEC-001-ASO6_2mo","CALTEC-001-ASO6_2mo","Parkinson Disease","NCIT:C26845","feces","UBERON:0001988","Mus musculus","NCBITaxon:10090","Case","NCIT:C49152",2,NA,NA,"Month","NCIT:C29846",NA,NA,NA,NA,"Kaelyn Long"
"MazmanianS_DeCastroFonsecaM_1:CALTEC-001-ASO7_2mo","MazmanianS_DeCastroFonsecaM_1","CALTEC-001-ASO7_2mo","CALTEC-001-ASO7_2mo","Parkinson Disease","NCIT:C26845","feces","UBERON:0001988","Mus musculus","NCBITaxon:10090","Case","NCIT:C49152",2,NA,NA,"Month","NCIT:C29846",NA,NA,NA,NA,"Kaelyn Long"
"MazmanianS_DeCastroFonsecaM_1:CALTEC-001-ASO8_2mo","MazmanianS_DeCastroFonsecaM_1","CALTEC-001-ASO8_2mo","CALTEC-001-ASO8_2mo","Parkinson Disease","NCIT:C26845","feces","UBERON:0001988","Mus musculus","NCBITaxon:10090","Case","NCIT:C49152",2,NA,NA,"Month","NCIT:C29846",NA,NA,NA,NA,"Kaelyn Long"
"MazmanianS_DeCastroFonsecaM_1:CALTEC-001-ASO9_2mo","MazmanianS_DeCastroFonsecaM_1","CALTEC-001-ASO9_2mo","CALTEC-001-ASO9_2mo","Parkinson Disease","NCIT:C26845","feces","UBERON:0001988","Mus musculus","NCBITaxon:10090","Case","NCIT:C49152",2,NA,NA,"Month","NCIT:C29846",NA,NA,NA,NA,"Kaelyn Long"
"MazmanianS_DeCastroFonsecaM_1:CALTEC-001-ASO10_2mo","MazmanianS_DeCastroFonsecaM_1","CALTEC-001-ASO10_2mo","CALTEC-001-ASO10_2mo","Parkinson Disease","NCIT:C26845","feces","UBERON:0001988","Mus musculus","NCBITaxon:10090","Case","NCIT:C49152",2,NA,NA,"Month","NCIT:C29846",NA,NA,NA,NA,"Kaelyn Long"
"MazmanianS_DeCastroFonsecaM_1:CALTEC-001-ASO1_5mo","MazmanianS_DeCastroFonsecaM_1","CALTEC-001-ASO1_5mo","CALTEC-001-ASO1_5mo","Parkinson Disease","NCIT:C26845","feces","UBERON:0001988","Mus musculus","NCBITaxon:10090","Case","NCIT:C49152",5,NA,NA,"Month","NCIT:C29846",NA,NA,NA,NA,"Kaelyn Long"
"MazmanianS_DeCastroFonsecaM_1:CALTEC-001-ASO2_5mo","MazmanianS_DeCastroFonsecaM_1","CALTEC-001-ASO2_5mo","CALTEC-001-ASO2_5mo","Parkinson Disease","NCIT:C26845","feces","UBERON:0001988","Mus musculus","NCBITaxon:10090","Case","NCIT:C49152",5,NA,NA,"Month","NCIT:C29846",NA,NA,NA,NA,"Kaelyn Long"
"MazmanianS_DeCastroFonsecaM_1:CALTEC-001-ASO3_5mo","MazmanianS_DeCastroFonsecaM_1","CALTEC-001-ASO3_5mo","CALTEC-001-ASO3_5mo","Parkinson Disease","NCIT:C26845","feces","UBERON:0001988","Mus musculus","NCBITaxon:10090","Case","NCIT:C49152",5,NA,NA,"Month","NCIT:C29846",NA,NA,NA,NA,"Kaelyn Long"
"MazmanianS_DeCastroFonsecaM_1:CALTEC-001-ASO4_5mo","MazmanianS_DeCastroFonsecaM_1","CALTEC-001-ASO4_5mo","CALTEC-001-ASO4_5mo","Parkinson Disease","NCIT:C26845","feces","UBERON:0001988","Mus musculus","NCBITaxon:10090","Case","NCIT:C49152",5,NA,NA,"Month","NCIT:C29846",NA,NA,NA,NA,"Kaelyn Long"
"MazmanianS_DeCastroFonsecaM_1:CALTEC-001-ASO5_5mo","MazmanianS_DeCastroFonsecaM_1","CALTEC-001-ASO5_5mo","CALTEC-001-ASO5_5mo","Parkinson Disease","NCIT:C26845","feces","UBERON:0001988","Mus musculus","NCBITaxon:10090","Case","NCIT:C49152",5,NA,NA,"Month","NCIT:C29846",NA,NA,NA,NA,"Kaelyn Long"
"MazmanianS_DeCastroFonsecaM_1:CALTEC-001-ASO6_5mo","MazmanianS_DeCastroFonsecaM_1","CALTEC-001-ASO6_5mo","CALTEC-001-ASO6_5mo","Parkinson Disease","NCIT:C26845","feces","UBERON:0001988","Mus musculus","NCBITaxon:10090","Case","NCIT:C49152",5,NA,NA,"Month","NCIT:C29846",NA,NA,NA,NA,"Kaelyn Long"
"MazmanianS_DeCastroFonsecaM_1:CALTEC-001-ASO7_5mo","MazmanianS_DeCastroFonsecaM_1","CALTEC-001-ASO7_5mo","CALTEC-001-ASO7_5mo","Parkinson Disease","NCIT:C26845","feces","UBERON:0001988","Mus musculus","NCBITaxon:10090","Case","NCIT:C49152",5,NA,NA,"Month","NCIT:C29846",NA,NA,NA,NA,"Kaelyn Long"
"MazmanianS_DeCastroFonsecaM_1:CALTEC-001-ASO8_5mo","MazmanianS_DeCastroFonsecaM_1","CALTEC-001-ASO8_5mo","CALTEC-001-ASO8_5mo","Parkinson Disease","NCIT:C26845","feces","UBERON:0001988","Mus musculus","NCBITaxon:10090","Case","NCIT:C49152",5,NA,NA,"Month","NCIT:C29846",NA,NA,NA,NA,"Kaelyn Long"
"MazmanianS_DeCastroFonsecaM_1:CALTEC-001-ASO9_5mo","MazmanianS_DeCastroFonsecaM_1","CALTEC-001-ASO9_5mo","CALTEC-001-ASO9_5mo","Parkinson Disease","NCIT:C26845","feces","UBERON:0001988","Mus musculus","NCBITaxon:10090","Case","NCIT:C49152",5,NA,NA,"Month","NCIT:C29846",NA,NA,NA,NA,"Kaelyn Long"
"MazmanianS_DeCastroFonsecaM_1:CALTEC-001-ASO10_5mo","MazmanianS_DeCastroFonsecaM_1","CALTEC-001-ASO10_5mo","CALTEC-001-ASO10_5mo","Parkinson Disease","NCIT:C26845","feces","UBERON:0001988","Mus musculus","NCBITaxon:10090","Case","NCIT:C49152",5,NA,NA,"Month","NCIT:C29846",NA,NA,NA,NA,"Kaelyn Long"
"MazmanianS_DeCastroFonsecaM_2:CALTEC-001-1","MazmanianS_DeCastroFonsecaM_2","CALTEC-001-1","CALTEC-001-1","Parkinson Disease","NCIT:C26845","feces","UBERON:0001988","Mus musculus","NCBITaxon:10090",NA,NA,NA,NA,NA,"Day","NCIT:C25301",NA,NA,NA,NA,"Kaelyn Long"
"MazmanianS_DeCastroFonsecaM_2:CALTEC-001-2","MazmanianS_DeCastroFonsecaM_2","CALTEC-001-2","CALTEC-001-2","Parkinson Disease","NCIT:C26845","feces","UBERON:0001988","Mus musculus","NCBITaxon:10090",NA,NA,NA,NA,NA,"Day","NCIT:C25301",NA,NA,NA,NA,"Kaelyn Long"
"MazmanianS_DeCastroFonsecaM_2:CALTEC-001-3","MazmanianS_DeCastroFonsecaM_2","CALTEC-001-3","CALTEC-001-3","Parkinson Disease","NCIT:C26845","feces","UBERON:0001988","Mus musculus","NCBITaxon:10090",NA,NA,NA,NA,NA,"Day","NCIT:C25301",NA,NA,NA,NA,"Kaelyn Long"
"MazmanianS_DeCastroFonsecaM_2:CALTEC-001-4","MazmanianS_DeCastroFonsecaM_2","CALTEC-001-4","CALTEC-001-4","Parkinson Disease","NCIT:C26845","feces","UBERON:0001988","Mus musculus","NCBITaxon:10090",NA,NA,NA,NA,NA,"Day","NCIT:C25301",NA,NA,NA,NA,"Kaelyn Long"
"MazmanianS_DeCastroFonsecaM_2:CALTEC-001-5","MazmanianS_DeCastroFonsecaM_2","CALTEC-001-5","CALTEC-001-5","Parkinson Disease","NCIT:C26845","feces","UBERON:0001988","Mus musculus","NCBITaxon:10090","Case","NCIT:C49152",21,NA,NA,"Day","NCIT:C25301",NA,NA,NA,NA,"Kaelyn Long"
"MazmanianS_DeCastroFonsecaM_2:CALTEC-001-6","MazmanianS_DeCastroFonsecaM_2","CALTEC-001-6","CALTEC-001-6","Parkinson Disease","NCIT:C26845","feces","UBERON:0001988","Mus musculus","NCBITaxon:10090","Study Control","NCIT:C142703",21,NA,NA,"Day","NCIT:C25301",NA,NA,NA,NA,"Kaelyn Long"
"MazmanianS_DeCastroFonsecaM_2:CALTEC-001-7","MazmanianS_DeCastroFonsecaM_2","CALTEC-001-7","CALTEC-001-7","Parkinson Disease","NCIT:C26845","feces","UBERON:0001988","Mus musculus","NCBITaxon:10090","Study Control","NCIT:C142703",21,NA,NA,"Day","NCIT:C25301",NA,NA,NA,NA,"Kaelyn Long"
"MazmanianS_DeCastroFonsecaM_2:CALTEC-001-8","MazmanianS_DeCastroFonsecaM_2","CALTEC-001-8","CALTEC-001-8","Parkinson Disease","NCIT:C26845","feces","UBERON:0001988","Mus musculus","NCBITaxon:10090","Case","NCIT:C49152",21,NA,NA,"Day","NCIT:C25301",NA,NA,NA,NA,"Kaelyn Long"
"MazmanianS_DeCastroFonsecaM_2:CALTEC-001-9","MazmanianS_DeCastroFonsecaM_2","CALTEC-001-9","CALTEC-001-9","Parkinson Disease","NCIT:C26845","feces","UBERON:0001988","Mus musculus","NCBITaxon:10090","Study Control","NCIT:C142703",21,NA,NA,"Day","NCIT:C25301",NA,NA,NA,NA,"Kaelyn Long"
"MazmanianS_DeCastroFonsecaM_2:CALTEC-001-10","MazmanianS_DeCastroFonsecaM_2","CALTEC-001-10","CALTEC-001-10","Parkinson Disease","NCIT:C26845","feces","UBERON:0001988","Mus musculus","NCBITaxon:10090","Study Control","NCIT:C142703",21,NA,NA,"Day","NCIT:C25301",NA,NA,NA,NA,"Kaelyn Long"
"MazmanianS_DeCastroFonsecaM_2:CALTEC-001-11","MazmanianS_DeCastroFonsecaM_2","CALTEC-001-11","CALTEC-001-11","Parkinson Disease","NCIT:C26845","feces","UBERON:0001988","Mus musculus","NCBITaxon:10090","Case","NCIT:C49152",21,NA,NA,"Day","NCIT:C25301",NA,NA,NA,NA,"Kaelyn Long"
"MazmanianS_DeCastroFonsecaM_2:CALTEC-001-12","MazmanianS_DeCastroFonsecaM_2","CALTEC-001-12","CALTEC-001-12","Parkinson Disease","NCIT:C26845","feces","UBERON:0001988","Mus musculus","NCBITaxon:10090","Study Control","NCIT:C142703",21,NA,NA,"Day","NCIT:C25301",NA,NA,NA,NA,"Kaelyn Long"
"MazmanianS_DeCastroFonsecaM_2:CALTEC-001-13","MazmanianS_DeCastroFonsecaM_2","CALTEC-001-13","CALTEC-001-13","Parkinson Disease","NCIT:C26845","feces","UBERON:0001988","Mus musculus","NCBITaxon:10090","Case","NCIT:C49152",21,NA,NA,"Day","NCIT:C25301",NA,NA,NA,NA,"Kaelyn Long"
"MazmanianS_DeCastroFonsecaM_2:CALTEC-001-14","MazmanianS_DeCastroFonsecaM_2","CALTEC-001-14","CALTEC-001-14","Parkinson Disease","NCIT:C26845","feces","UBERON:0001988","Mus musculus","NCBITaxon:10090","Case","NCIT:C49152",21,NA,NA,"Day","NCIT:C25301",NA,NA,NA,NA,"Kaelyn Long"
"MazmanianS_DeCastroFonsecaM_2:CALTEC-001-15","MazmanianS_DeCastroFonsecaM_2","CALTEC-001-15","CALTEC-001-15","Parkinson Disease","NCIT:C26845","feces","UBERON:0001988","Mus musculus","NCBITaxon:10090","Case","NCIT:C49152",21,NA,NA,"Day","NCIT:C25301",NA,NA,NA,NA,"Kaelyn Long"
"MazmanianS_DeCastroFonsecaM_2:CALTEC-001-16","MazmanianS_DeCastroFonsecaM_2","CALTEC-001-16","CALTEC-001-16","Parkinson Disease","NCIT:C26845","feces","UBERON:0001988","Mus musculus","NCBITaxon:10090","Case","NCIT:C49152",21,NA,NA,"Day","NCIT:C25301",NA,NA,NA,NA,"Kaelyn Long"
"MazmanianS_DeCastroFonsecaM_2:CALTEC-001-17","MazmanianS_DeCastroFonsecaM_2","CALTEC-001-17","CALTEC-001-17","Parkinson Disease","NCIT:C26845","feces","UBERON:0001988","Mus musculus","NCBITaxon:10090","Case","NCIT:C49152",21,NA,NA,"Day","NCIT:C25301",NA,NA,NA,NA,"Kaelyn Long"
"MazmanianS_DeCastroFonsecaM_2:CALTEC-001-18","MazmanianS_DeCastroFonsecaM_2","CALTEC-001-18","CALTEC-001-18","Parkinson Disease","NCIT:C26845","feces","UBERON:0001988","Mus musculus","NCBITaxon:10090","Study Control","NCIT:C142703",21,NA,NA,"Day","NCIT:C25301",NA,NA,NA,NA,"Kaelyn Long"
"MazmanianS_DeCastroFonsecaM_2:CALTEC-001-19","MazmanianS_DeCastroFonsecaM_2","CALTEC-001-19","CALTEC-001-19","Parkinson Disease","NCIT:C26845","feces","UBERON:0001988","Mus musculus","NCBITaxon:10090","Case","NCIT:C49152",28,NA,NA,"Day","NCIT:C25301",NA,NA,NA,NA,"Kaelyn Long"
"MazmanianS_DeCastroFonsecaM_2:CALTEC-001-20","MazmanianS_DeCastroFonsecaM_2","CALTEC-001-20","CALTEC-001-20","Parkinson Disease","NCIT:C26845","feces","UBERON:0001988","Mus musculus","NCBITaxon:10090","Study Control","NCIT:C142703",28,NA,NA,"Day","NCIT:C25301",NA,NA,NA,NA,"Kaelyn Long"
"MazmanianS_DeCastroFonsecaM_2:CALTEC-001-21","MazmanianS_DeCastroFonsecaM_2","CALTEC-001-21","CALTEC-001-21","Parkinson Disease","NCIT:C26845","feces","UBERON:0001988","Mus musculus","NCBITaxon:10090","Study Control","NCIT:C142703",28,NA,NA,"Day","NCIT:C25301",NA,NA,NA,NA,"Kaelyn Long"
"MazmanianS_DeCastroFonsecaM_2:CALTEC-001-22","MazmanianS_DeCastroFonsecaM_2","CALTEC-001-22","CALTEC-001-22","Parkinson Disease","NCIT:C26845","feces","UBERON:0001988","Mus musculus","NCBITaxon:10090","Case","NCIT:C49152",28,NA,NA,"Day","NCIT:C25301",NA,NA,NA,NA,"Kaelyn Long"
"MazmanianS_DeCastroFonsecaM_2:CALTEC-001-23","MazmanianS_DeCastroFonsecaM_2","CALTEC-001-23","CALTEC-001-23","Parkinson Disease","NCIT:C26845","feces","UBERON:0001988","Mus musculus","NCBITaxon:10090","Study Control","NCIT:C142703",28,NA,NA,"Day","NCIT:C25301",NA,NA,NA,NA,"Kaelyn Long"
"MazmanianS_DeCastroFonsecaM_2:CALTEC-001-24","MazmanianS_DeCastroFonsecaM_2","CALTEC-001-24","CALTEC-001-24","Parkinson Disease","NCIT:C26845","feces","UBERON:0001988","Mus musculus","NCBITaxon:10090","Study Control","NCIT:C142703",28,NA,NA,"Day","NCIT:C25301",NA,NA,NA,NA,"Kaelyn Long"
"MazmanianS_DeCastroFonsecaM_2:CALTEC-001-25","MazmanianS_DeCastroFonsecaM_2","CALTEC-001-25","CALTEC-001-25","Parkinson Disease","NCIT:C26845","feces","UBERON:0001988","Mus musculus","NCBITaxon:10090","Case","NCIT:C49152",28,NA,NA,"Day","NCIT:C25301",NA,NA,NA,NA,"Kaelyn Long"
"MazmanianS_DeCastroFonsecaM_2:CALTEC-001-26","MazmanianS_DeCastroFonsecaM_2","CALTEC-001-26","CALTEC-001-26","Parkinson Disease","NCIT:C26845","feces","UBERON:0001988","Mus musculus","NCBITaxon:10090","Study Control","NCIT:C142703",28,NA,NA,"Day","NCIT:C25301",NA,NA,NA,NA,"Kaelyn Long"
"MazmanianS_DeCastroFonsecaM_2:CALTEC-001-27","MazmanianS_DeCastroFonsecaM_2","CALTEC-001-27","CALTEC-001-27","Parkinson Disease","NCIT:C26845","feces","UBERON:0001988","Mus musculus","NCBITaxon:10090","Case","NCIT:C49152",28,NA,NA,"Day","NCIT:C25301",NA,NA,NA,NA,"Kaelyn Long"
"MazmanianS_DeCastroFonsecaM_2:CALTEC-001-28","MazmanianS_DeCastroFonsecaM_2","CALTEC-001-28","CALTEC-001-28","Parkinson Disease","NCIT:C26845","feces","UBERON:0001988","Mus musculus","NCBITaxon:10090","Case","NCIT:C49152",28,NA,NA,"Day","NCIT:C25301",NA,NA,NA,NA,"Kaelyn Long"
"MazmanianS_DeCastroFonsecaM_2:CALTEC-001-29","MazmanianS_DeCastroFonsecaM_2","CALTEC-001-29","CALTEC-001-29","Parkinson Disease","NCIT:C26845","feces","UBERON:0001988","Mus musculus","NCBITaxon:10090","Case","NCIT:C49152",28,NA,NA,"Day","NCIT:C25301",NA,NA,NA,NA,"Kaelyn Long"
"MazmanianS_DeCastroFonsecaM_2:CALTEC-001-30","MazmanianS_DeCastroFonsecaM_2","CALTEC-001-30","CALTEC-001-30","Parkinson Disease","NCIT:C26845","feces","UBERON:0001988","Mus musculus","NCBITaxon:10090","Case","NCIT:C49152",28,NA,NA,"Day","NCIT:C25301",NA,NA,NA,NA,"Kaelyn Long"
"MazmanianS_DeCastroFonsecaM_2:CALTEC-001-31","MazmanianS_DeCastroFonsecaM_2","CALTEC-001-31","CALTEC-001-31","Parkinson Disease","NCIT:C26845","feces","UBERON:0001988","Mus musculus","NCBITaxon:10090","Case","NCIT:C49152",28,NA,NA,"Day","NCIT:C25301",NA,NA,NA,NA,"Kaelyn Long"
"MazmanianS_DeCastroFonsecaM_2:CALTEC-001-32","MazmanianS_DeCastroFonsecaM_2","CALTEC-001-32","CALTEC-001-32","Parkinson Disease","NCIT:C26845","feces","UBERON:0001988","Mus musculus","NCBITaxon:10090","Study Control","NCIT:C142703",28,NA,NA,"Day","NCIT:C25301",NA,NA,NA,NA,"Kaelyn Long"
"MazmanianS_DeCastroFonsecaM_2:CALTEC-001-33","MazmanianS_DeCastroFonsecaM_2","CALTEC-001-33","CALTEC-001-33","Parkinson Disease","NCIT:C26845","feces","UBERON:0001988","Mus musculus","NCBITaxon:10090","Case","NCIT:C49152",35,NA,NA,"Day","NCIT:C25301",NA,NA,NA,NA,"Kaelyn Long"
"MazmanianS_DeCastroFonsecaM_2:CALTEC-001-34","MazmanianS_DeCastroFonsecaM_2","CALTEC-001-34","CALTEC-001-34","Parkinson Disease","NCIT:C26845","feces","UBERON:0001988","Mus musculus","NCBITaxon:10090","Study Control","NCIT:C142703",35,NA,NA,"Day","NCIT:C25301",NA,NA,NA,NA,"Kaelyn Long"
"MazmanianS_DeCastroFonsecaM_2:CALTEC-001-35","MazmanianS_DeCastroFonsecaM_2","CALTEC-001-35","CALTEC-001-35","Parkinson Disease","NCIT:C26845","feces","UBERON:0001988","Mus musculus","NCBITaxon:10090","Study Control","NCIT:C142703",35,NA,NA,"Day","NCIT:C25301",NA,NA,NA,NA,"Kaelyn Long"
"MazmanianS_DeCastroFonsecaM_2:CALTEC-001-36","MazmanianS_DeCastroFonsecaM_2","CALTEC-001-36","CALTEC-001-36","Parkinson Disease","NCIT:C26845","feces","UBERON:0001988","Mus musculus","NCBITaxon:10090","Case","NCIT:C49152",35,NA,NA,"Day","NCIT:C25301",NA,NA,NA,NA,"Kaelyn Long"
"MazmanianS_DeCastroFonsecaM_2:CALTEC-001-37","MazmanianS_DeCastroFonsecaM_2","CALTEC-001-37","CALTEC-001-37","Parkinson Disease","NCIT:C26845","feces","UBERON:0001988","Mus musculus","NCBITaxon:10090","Study Control","NCIT:C142703",35,NA,NA,"Day","NCIT:C25301",NA,NA,NA,NA,"Kaelyn Long"
"MazmanianS_DeCastroFonsecaM_2:CALTEC-001-38","MazmanianS_DeCastroFonsecaM_2","CALTEC-001-38","CALTEC-001-38","Parkinson Disease","NCIT:C26845","feces","UBERON:0001988","Mus musculus","NCBITaxon:10090","Study Control","NCIT:C142703",35,NA,NA,"Day","NCIT:C25301",NA,NA,NA,NA,"Kaelyn Long"
"MazmanianS_DeCastroFonsecaM_2:CALTEC-001-39","MazmanianS_DeCastroFonsecaM_2","CALTEC-001-39","CALTEC-001-39","Parkinson Disease","NCIT:C26845","feces","UBERON:0001988","Mus musculus","NCBITaxon:10090","Case","NCIT:C49152",35,NA,NA,"Day","NCIT:C25301",NA,NA,NA,NA,"Kaelyn Long"
"MazmanianS_DeCastroFonsecaM_2:CALTEC-001-40","MazmanianS_DeCastroFonsecaM_2","CALTEC-001-40","CALTEC-001-40","Parkinson Disease","NCIT:C26845","feces","UBERON:0001988","Mus musculus","NCBITaxon:10090","Study Control","NCIT:C142703",35,NA,NA,"Day","NCIT:C25301",NA,NA,NA,NA,"Kaelyn Long"
"MazmanianS_DeCastroFonsecaM_2:CALTEC-001-41","MazmanianS_DeCastroFonsecaM_2","CALTEC-001-41","CALTEC-001-41","Parkinson Disease","NCIT:C26845","feces","UBERON:0001988","Mus musculus","NCBITaxon:10090","Case","NCIT:C49152",35,NA,NA,"Day","NCIT:C25301",NA,NA,NA,NA,"Kaelyn Long"
"MazmanianS_DeCastroFonsecaM_2:CALTEC-001-42","MazmanianS_DeCastroFonsecaM_2","CALTEC-001-42","CALTEC-001-42","Parkinson Disease","NCIT:C26845","feces","UBERON:0001988","Mus musculus","NCBITaxon:10090","Case","NCIT:C49152",35,NA,NA,"Day","NCIT:C25301",NA,NA,NA,NA,"Kaelyn Long"
"MazmanianS_DeCastroFonsecaM_2:CALTEC-001-43","MazmanianS_DeCastroFonsecaM_2","CALTEC-001-43","CALTEC-001-43","Parkinson Disease","NCIT:C26845","feces","UBERON:0001988","Mus musculus","NCBITaxon:10090","Case","NCIT:C49152",35,NA,NA,"Day","NCIT:C25301",NA,NA,NA,NA,"Kaelyn Long"
"MazmanianS_DeCastroFonsecaM_2:CALTEC-001-44","MazmanianS_DeCastroFonsecaM_2","CALTEC-001-44","CALTEC-001-44","Parkinson Disease","NCIT:C26845","feces","UBERON:0001988","Mus musculus","NCBITaxon:10090","Case","NCIT:C49152",35,NA,NA,"Day","NCIT:C25301",NA,NA,NA,NA,"Kaelyn Long"
"MazmanianS_DeCastroFonsecaM_2:CALTEC-001-45","MazmanianS_DeCastroFonsecaM_2","CALTEC-001-45","CALTEC-001-45","Parkinson Disease","NCIT:C26845","feces","UBERON:0001988","Mus musculus","NCBITaxon:10090","Case","NCIT:C49152",35,NA,NA,"Day","NCIT:C25301",NA,NA,NA,NA,"Kaelyn Long"
"MazmanianS_DeCastroFonsecaM_2:CALTEC-001-46","MazmanianS_DeCastroFonsecaM_2","CALTEC-001-46","CALTEC-001-46","Parkinson Disease","NCIT:C26845","feces","UBERON:0001988","Mus musculus","NCBITaxon:10090","Study Control","NCIT:C142703",35,NA,NA,"Day","NCIT:C25301",NA,NA,NA,NA,"Kaelyn Long"
"MazmanianS_DeCastroFonsecaM_2:CALTEC-001-47","MazmanianS_DeCastroFonsecaM_2","CALTEC-001-47","CALTEC-001-47","Parkinson Disease","NCIT:C26845","feces","UBERON:0001988","Mus musculus","NCBITaxon:10090","Case","NCIT:C49152",41,NA,NA,"Day","NCIT:C25301",NA,NA,NA,NA,"Kaelyn Long"
"MazmanianS_DeCastroFonsecaM_2:CALTEC-001-48","MazmanianS_DeCastroFonsecaM_2","CALTEC-001-48","CALTEC-001-48","Parkinson Disease","NCIT:C26845","feces","UBERON:0001988","Mus musculus","NCBITaxon:10090","Study Control","NCIT:C142703",41,NA,NA,"Day","NCIT:C25301",NA,NA,NA,NA,"Kaelyn Long"
"MazmanianS_DeCastroFonsecaM_2:CALTEC-001-49","MazmanianS_DeCastroFonsecaM_2","CALTEC-001-49","CALTEC-001-49","Parkinson Disease","NCIT:C26845","feces","UBERON:0001988","Mus musculus","NCBITaxon:10090","Study Control","NCIT:C142703",41,NA,NA,"Day","NCIT:C25301",NA,NA,NA,NA,"Kaelyn Long"
"MazmanianS_DeCastroFonsecaM_2:CALTEC-001-50","MazmanianS_DeCastroFonsecaM_2","CALTEC-001-50","CALTEC-001-50","Parkinson Disease","NCIT:C26845","feces","UBERON:0001988","Mus musculus","NCBITaxon:10090","Case","NCIT:C49152",41,NA,NA,"Day","NCIT:C25301",NA,NA,NA,NA,"Kaelyn Long"
"MazmanianS_DeCastroFonsecaM_2:CALTEC-001-51","MazmanianS_DeCastroFonsecaM_2","CALTEC-001-51","CALTEC-001-51","Parkinson Disease","NCIT:C26845","feces","UBERON:0001988","Mus musculus","NCBITaxon:10090","Study Control","NCIT:C142703",41,NA,NA,"Day","NCIT:C25301",NA,NA,NA,NA,"Kaelyn Long"
"MazmanianS_DeCastroFonsecaM_2:CALTEC-001-52","MazmanianS_DeCastroFonsecaM_2","CALTEC-001-52","CALTEC-001-52","Parkinson Disease","NCIT:C26845","feces","UBERON:0001988","Mus musculus","NCBITaxon:10090","Study Control","NCIT:C142703",41,NA,NA,"Day","NCIT:C25301",NA,NA,NA,NA,"Kaelyn Long"
"MazmanianS_DeCastroFonsecaM_2:CALTEC-001-53","MazmanianS_DeCastroFonsecaM_2","CALTEC-001-53","CALTEC-001-53","Parkinson Disease","NCIT:C26845","feces","UBERON:0001988","Mus musculus","NCBITaxon:10090","Case","NCIT:C49152",41,NA,NA,"Day","NCIT:C25301",NA,NA,NA,NA,"Kaelyn Long"
"MazmanianS_DeCastroFonsecaM_2:CALTEC-001-54","MazmanianS_DeCastroFonsecaM_2","CALTEC-001-54","CALTEC-001-54","Parkinson Disease","NCIT:C26845","feces","UBERON:0001988","Mus musculus","NCBITaxon:10090","Study Control","NCIT:C142703",41,NA,NA,"Day","NCIT:C25301",NA,NA,NA,NA,"Kaelyn Long"
"MazmanianS_DeCastroFonsecaM_2:CALTEC-001-55","MazmanianS_DeCastroFonsecaM_2","CALTEC-001-55","CALTEC-001-55","Parkinson Disease","NCIT:C26845","feces","UBERON:0001988","Mus musculus","NCBITaxon:10090","Case","NCIT:C49152",41,NA,NA,"Day","NCIT:C25301",NA,NA,NA,NA,"Kaelyn Long"
"MazmanianS_DeCastroFonsecaM_2:CALTEC-001-56","MazmanianS_DeCastroFonsecaM_2","CALTEC-001-56","CALTEC-001-56","Parkinson Disease","NCIT:C26845","feces","UBERON:0001988","Mus musculus","NCBITaxon:10090","Case","NCIT:C49152",41,NA,NA,"Day","NCIT:C25301",NA,NA,NA,NA,"Kaelyn Long"
"MazmanianS_DeCastroFonsecaM_2:CALTEC-001-57","MazmanianS_DeCastroFonsecaM_2","CALTEC-001-57","CALTEC-001-57","Parkinson Disease","NCIT:C26845","feces","UBERON:0001988","Mus musculus","NCBITaxon:10090","Case","NCIT:C49152",41,NA,NA,"Day","NCIT:C25301",NA,NA,NA,NA,"Kaelyn Long"
"MazmanianS_DeCastroFonsecaM_2:CALTEC-001-58","MazmanianS_DeCastroFonsecaM_2","CALTEC-001-58","CALTEC-001-58","Parkinson Disease","NCIT:C26845","feces","UBERON:0001988","Mus musculus","NCBITaxon:10090","Case","NCIT:C49152",41,NA,NA,"Day","NCIT:C25301",NA,NA,NA,NA,"Kaelyn Long"
"MazmanianS_DeCastroFonsecaM_2:CALTEC-001-59","MazmanianS_DeCastroFonsecaM_2","CALTEC-001-59","CALTEC-001-59","Parkinson Disease","NCIT:C26845","feces","UBERON:0001988","Mus musculus","NCBITaxon:10090","Case","NCIT:C49152",41,NA,NA,"Day","NCIT:C25301",NA,NA,NA,NA,"Kaelyn Long"
"MazmanianS_DeCastroFonsecaM_2:CALTEC-001-60","MazmanianS_DeCastroFonsecaM_2","CALTEC-001-60","CALTEC-001-60","Parkinson Disease","NCIT:C26845","feces","UBERON:0001988","Mus musculus","NCBITaxon:10090","Study Control","NCIT:C142703",41,NA,NA,"Day","NCIT:C25301",NA,NA,NA,NA,"Kaelyn Long"
"MazmanianS_DeCastroFonsecaM_2:CALTEC-001-103","MazmanianS_DeCastroFonsecaM_2","CALTEC-001-103","CALTEC-001-103","Parkinson Disease","NCIT:C26845","feces","UBERON:0001988","Mus musculus","NCBITaxon:10090","Case","NCIT:C49152",55,NA,NA,"Day","NCIT:C25301",NA,NA,NA,NA,"Kaelyn Long"
"MazmanianS_DeCastroFonsecaM_2:CALTEC-001-104","MazmanianS_DeCastroFonsecaM_2","CALTEC-001-104","CALTEC-001-104","Parkinson Disease","NCIT:C26845","feces","UBERON:0001988","Mus musculus","NCBITaxon:10090","Study Control","NCIT:C142703",55,NA,NA,"Day","NCIT:C25301",NA,NA,NA,NA,"Kaelyn Long"
"MazmanianS_DeCastroFonsecaM_2:CALTEC-001-105","MazmanianS_DeCastroFonsecaM_2","CALTEC-001-105","CALTEC-001-105","Parkinson Disease","NCIT:C26845","feces","UBERON:0001988","Mus musculus","NCBITaxon:10090","Study Control","NCIT:C142703",55,NA,NA,"Day","NCIT:C25301",NA,NA,NA,NA,"Kaelyn Long"
"MazmanianS_DeCastroFonsecaM_2:CALTEC-001-106","MazmanianS_DeCastroFonsecaM_2","CALTEC-001-106","CALTEC-001-106","Parkinson Disease","NCIT:C26845","feces","UBERON:0001988","Mus musculus","NCBITaxon:10090","Case","NCIT:C49152",55,NA,NA,"Day","NCIT:C25301",NA,NA,NA,NA,"Kaelyn Long"
"MazmanianS_DeCastroFonsecaM_2:CALTEC-001-107","MazmanianS_DeCastroFonsecaM_2","CALTEC-001-107","CALTEC-001-107","Parkinson Disease","NCIT:C26845","feces","UBERON:0001988","Mus musculus","NCBITaxon:10090","Study Control","NCIT:C142703",55,NA,NA,"Day","NCIT:C25301",NA,NA,NA,NA,"Kaelyn Long"
"MazmanianS_DeCastroFonsecaM_2:CALTEC-001-108","MazmanianS_DeCastroFonsecaM_2","CALTEC-001-108","CALTEC-001-108","Parkinson Disease","NCIT:C26845","feces","UBERON:0001988","Mus musculus","NCBITaxon:10090","Study Control","NCIT:C142703",55,NA,NA,"Day","NCIT:C25301",NA,NA,NA,NA,"Kaelyn Long"
"MazmanianS_DeCastroFonsecaM_2:CALTEC-001-109","MazmanianS_DeCastroFonsecaM_2","CALTEC-001-109","CALTEC-001-109","Parkinson Disease","NCIT:C26845","feces","UBERON:0001988","Mus musculus","NCBITaxon:10090","Case","NCIT:C49152",55,NA,NA,"Day","NCIT:C25301",NA,NA,NA,NA,"Kaelyn Long"
"MazmanianS_DeCastroFonsecaM_2:CALTEC-001-110","MazmanianS_DeCastroFonsecaM_2","CALTEC-001-110","CALTEC-001-110","Parkinson Disease","NCIT:C26845","feces","UBERON:0001988","Mus musculus","NCBITaxon:10090","Study Control","NCIT:C142703",55,NA,NA,"Day","NCIT:C25301",NA,NA,NA,NA,"Kaelyn Long"
"MazmanianS_DeCastroFonsecaM_2:CALTEC-001-111","MazmanianS_DeCastroFonsecaM_2","CALTEC-001-111","CALTEC-001-111","Parkinson Disease","NCIT:C26845","feces","UBERON:0001988","Mus musculus","NCBITaxon:10090","Case","NCIT:C49152",55,NA,NA,"Day","NCIT:C25301",NA,NA,NA,NA,"Kaelyn Long"
"MazmanianS_DeCastroFonsecaM_2:CALTEC-001-112","MazmanianS_DeCastroFonsecaM_2","CALTEC-001-112","CALTEC-001-112","Parkinson Disease","NCIT:C26845","feces","UBERON:0001988","Mus musculus","NCBITaxon:10090","Case","NCIT:C49152",55,NA,NA,"Day","NCIT:C25301",NA,NA,NA,NA,"Kaelyn Long"
"MazmanianS_DeCastroFonsecaM_2:CALTEC-001-113","MazmanianS_DeCastroFonsecaM_2","CALTEC-001-113","CALTEC-001-113","Parkinson Disease","NCIT:C26845","feces","UBERON:0001988","Mus musculus","NCBITaxon:10090","Case","NCIT:C49152",55,NA,NA,"Day","NCIT:C25301",NA,NA,NA,NA,"Kaelyn Long"
"MazmanianS_DeCastroFonsecaM_2:CALTEC-001-114","MazmanianS_DeCastroFonsecaM_2","CALTEC-001-114","CALTEC-001-114","Parkinson Disease","NCIT:C26845","feces","UBERON:0001988","Mus musculus","NCBITaxon:10090","Case","NCIT:C49152",55,NA,NA,"Day","NCIT:C25301",NA,NA,NA,NA,"Kaelyn Long"
"MazmanianS_DeCastroFonsecaM_2:CALTEC-001-115","MazmanianS_DeCastroFonsecaM_2","CALTEC-001-115","CALTEC-001-115","Parkinson Disease","NCIT:C26845","feces","UBERON:0001988","Mus musculus","NCBITaxon:10090","Case","NCIT:C49152",55,NA,NA,"Day","NCIT:C25301",NA,NA,NA,NA,"Kaelyn Long"
"MazmanianS_DeCastroFonsecaM_2:CALTEC-001-116","MazmanianS_DeCastroFonsecaM_2","CALTEC-001-116","CALTEC-001-116","Parkinson Disease","NCIT:C26845","feces","UBERON:0001988","Mus musculus","NCBITaxon:10090","Study Control","NCIT:C142703",55,NA,NA,"Day","NCIT:C25301",NA,NA,NA,NA,"Kaelyn Long"
"MazmanianS_DeCastroFonsecaM_2:CALTEC-001-117","MazmanianS_DeCastroFonsecaM_2","CALTEC-001-117","CALTEC-001-117","Parkinson Disease","NCIT:C26845","feces","UBERON:0001988","Mus musculus","NCBITaxon:10090","Case","NCIT:C49152",57,NA,NA,"Day","NCIT:C25301",NA,NA,NA,NA,"Kaelyn Long"
"MazmanianS_DeCastroFonsecaM_2:CALTEC-001-118","MazmanianS_DeCastroFonsecaM_2","CALTEC-001-118","CALTEC-001-118","Parkinson Disease","NCIT:C26845","feces","UBERON:0001988","Mus musculus","NCBITaxon:10090","Study Control","NCIT:C142703",57,NA,NA,"Day","NCIT:C25301",NA,NA,NA,NA,"Kaelyn Long"
"MazmanianS_DeCastroFonsecaM_2:CALTEC-001-119","MazmanianS_DeCastroFonsecaM_2","CALTEC-001-119","CALTEC-001-119","Parkinson Disease","NCIT:C26845","feces","UBERON:0001988","Mus musculus","NCBITaxon:10090","Study Control","NCIT:C142703",57,NA,NA,"Day","NCIT:C25301",NA,NA,NA,NA,"Kaelyn Long"
"MazmanianS_DeCastroFonsecaM_2:CALTEC-001-120","MazmanianS_DeCastroFonsecaM_2","CALTEC-001-120","CALTEC-001-120","Parkinson Disease","NCIT:C26845","feces","UBERON:0001988","Mus musculus","NCBITaxon:10090","Case","NCIT:C49152",57,NA,NA,"Day","NCIT:C25301",NA,NA,NA,NA,"Kaelyn Long"
"MazmanianS_DeCastroFonsecaM_2:CALTEC-001-121","MazmanianS_DeCastroFonsecaM_2","CALTEC-001-121","CALTEC-001-121","Parkinson Disease","NCIT:C26845","feces","UBERON:0001988","Mus musculus","NCBITaxon:10090","Study Control","NCIT:C142703",57,NA,NA,"Day","NCIT:C25301",NA,NA,NA,NA,"Kaelyn Long"
"MazmanianS_DeCastroFonsecaM_2:CALTEC-001-122","MazmanianS_DeCastroFonsecaM_2","CALTEC-001-122","CALTEC-001-122","Parkinson Disease","NCIT:C26845","feces","UBERON:0001988","Mus musculus","NCBITaxon:10090","Study Control","NCIT:C142703",57,NA,NA,"Day","NCIT:C25301",NA,NA,NA,NA,"Kaelyn Long"
"MazmanianS_DeCastroFonsecaM_2:CALTEC-001-123","MazmanianS_DeCastroFonsecaM_2","CALTEC-001-123","CALTEC-001-123","Parkinson Disease","NCIT:C26845","feces","UBERON:0001988","Mus musculus","NCBITaxon:10090","Case","NCIT:C49152",57,NA,NA,"Day","NCIT:C25301",NA,NA,NA,NA,"Kaelyn Long"
"MazmanianS_DeCastroFonsecaM_2:CALTEC-001-124","MazmanianS_DeCastroFonsecaM_2","CALTEC-001-124","CALTEC-001-124","Parkinson Disease","NCIT:C26845","feces","UBERON:0001988","Mus musculus","NCBITaxon:10090","Study Control","NCIT:C142703",57,NA,NA,"Day","NCIT:C25301",NA,NA,NA,NA,"Kaelyn Long"
"MazmanianS_DeCastroFonsecaM_2:CALTEC-001-125","MazmanianS_DeCastroFonsecaM_2","CALTEC-001-125","CALTEC-001-125","Parkinson Disease","NCIT:C26845","feces","UBERON:0001988","Mus musculus","NCBITaxon:10090","Case","NCIT:C49152",57,NA,NA,"Day","NCIT:C25301",NA,NA,NA,NA,"Kaelyn Long"
"MazmanianS_DeCastroFonsecaM_2:CALTEC-001-126","MazmanianS_DeCastroFonsecaM_2","CALTEC-001-126","CALTEC-001-126","Parkinson Disease","NCIT:C26845","feces","UBERON:0001988","Mus musculus","NCBITaxon:10090","Case","NCIT:C49152",57,NA,NA,"Day","NCIT:C25301",NA,NA,NA,NA,"Kaelyn Long"
"MazmanianS_DeCastroFonsecaM_2:CALTEC-001-127","MazmanianS_DeCastroFonsecaM_2","CALTEC-001-127","CALTEC-001-127","Parkinson Disease","NCIT:C26845","feces","UBERON:0001988","Mus musculus","NCBITaxon:10090","Case","NCIT:C49152",57,NA,NA,"Day","NCIT:C25301",NA,NA,NA,NA,"Kaelyn Long"
"MazmanianS_DeCastroFonsecaM_2:CALTEC-001-128","MazmanianS_DeCastroFonsecaM_2","CALTEC-001-128","CALTEC-001-128","Parkinson Disease","NCIT:C26845","feces","UBERON:0001988","Mus musculus","NCBITaxon:10090","Case","NCIT:C49152",57,NA,NA,"Day","NCIT:C25301",NA,NA,NA,NA,"Kaelyn Long"
"MazmanianS_DeCastroFonsecaM_2:CALTEC-001-129","MazmanianS_DeCastroFonsecaM_2","CALTEC-001-129","CALTEC-001-129","Parkinson Disease","NCIT:C26845","feces","UBERON:0001988","Mus musculus","NCBITaxon:10090","Case","NCIT:C49152",57,NA,NA,"Day","NCIT:C25301",NA,NA,NA,NA,"Kaelyn Long"
"MazmanianS_DeCastroFonsecaM_2:CALTEC-001-130","MazmanianS_DeCastroFonsecaM_2","CALTEC-001-130","CALTEC-001-130","Parkinson Disease","NCIT:C26845","feces","UBERON:0001988","Mus musculus","NCBITaxon:10090","Study Control","NCIT:C142703",57,NA,NA,"Day","NCIT:C25301",NA,NA,NA,NA,"Kaelyn Long"
"MazmanianS_DeCastroFonsecaM_2:CALTEC-001-131","MazmanianS_DeCastroFonsecaM_2","CALTEC-001-131","CALTEC-001-131","Parkinson Disease","NCIT:C26845","feces","UBERON:0001988","Mus musculus","NCBITaxon:10090","Case","NCIT:C49152",60,NA,NA,"Day","NCIT:C25301",NA,NA,NA,NA,"Kaelyn Long"
"MazmanianS_DeCastroFonsecaM_2:CALTEC-001-132","MazmanianS_DeCastroFonsecaM_2","CALTEC-001-132","CALTEC-001-132","Parkinson Disease","NCIT:C26845","feces","UBERON:0001988","Mus musculus","NCBITaxon:10090","Study Control","NCIT:C142703",60,NA,NA,"Day","NCIT:C25301",NA,NA,NA,NA,"Kaelyn Long"
"MazmanianS_DeCastroFonsecaM_2:CALTEC-001-133","MazmanianS_DeCastroFonsecaM_2","CALTEC-001-133","CALTEC-001-133","Parkinson Disease","NCIT:C26845","feces","UBERON:0001988","Mus musculus","NCBITaxon:10090","Study Control","NCIT:C142703",60,NA,NA,"Day","NCIT:C25301",NA,NA,NA,NA,"Kaelyn Long"
"MazmanianS_DeCastroFonsecaM_2:CALTEC-001-134","MazmanianS_DeCastroFonsecaM_2","CALTEC-001-134","CALTEC-001-134","Parkinson Disease","NCIT:C26845","feces","UBERON:0001988","Mus musculus","NCBITaxon:10090","Case","NCIT:C49152",60,NA,NA,"Day","NCIT:C25301",NA,NA,NA,NA,"Kaelyn Long"
"MazmanianS_DeCastroFonsecaM_2:CALTEC-001-135","MazmanianS_DeCastroFonsecaM_2","CALTEC-001-135","CALTEC-001-135","Parkinson Disease","NCIT:C26845","feces","UBERON:0001988","Mus musculus","NCBITaxon:10090","Study Control","NCIT:C142703",60,NA,NA,"Day","NCIT:C25301",NA,NA,NA,NA,"Kaelyn Long"
"MazmanianS_DeCastroFonsecaM_2:CALTEC-001-136","MazmanianS_DeCastroFonsecaM_2","CALTEC-001-136","CALTEC-001-136","Parkinson Disease","NCIT:C26845","feces","UBERON:0001988","Mus musculus","NCBITaxon:10090","Study Control","NCIT:C142703",60,NA,NA,"Day","NCIT:C25301",NA,NA,NA,NA,"Kaelyn Long"
"MazmanianS_DeCastroFonsecaM_2:CALTEC-001-137","MazmanianS_DeCastroFonsecaM_2","CALTEC-001-137","CALTEC-001-137","Parkinson Disease","NCIT:C26845","feces","UBERON:0001988","Mus musculus","NCBITaxon:10090","Case","NCIT:C49152",60,NA,NA,"Day","NCIT:C25301",NA,NA,NA,NA,"Kaelyn Long"
"MazmanianS_DeCastroFonsecaM_2:CALTEC-001-138","MazmanianS_DeCastroFonsecaM_2","CALTEC-001-138","CALTEC-001-138","Parkinson Disease","NCIT:C26845","feces","UBERON:0001988","Mus musculus","NCBITaxon:10090","Study Control","NCIT:C142703",60,NA,NA,"Day","NCIT:C25301",NA,NA,NA,NA,"Kaelyn Long"
"MazmanianS_DeCastroFonsecaM_2:CALTEC-001-139","MazmanianS_DeCastroFonsecaM_2","CALTEC-001-139","CALTEC-001-139","Parkinson Disease","NCIT:C26845","feces","UBERON:0001988","Mus musculus","NCBITaxon:10090","Case","NCIT:C49152",60,NA,NA,"Day","NCIT:C25301",NA,NA,NA,NA,"Kaelyn Long"
"MazmanianS_DeCastroFonsecaM_2:CALTEC-001-140","MazmanianS_DeCastroFonsecaM_2","CALTEC-001-140","CALTEC-001-140","Parkinson Disease","NCIT:C26845","feces","UBERON:0001988","Mus musculus","NCBITaxon:10090","Case","NCIT:C49152",60,NA,NA,"Day","NCIT:C25301",NA,NA,NA,NA,"Kaelyn Long"
"MazmanianS_DeCastroFonsecaM_2:CALTEC-001-141","MazmanianS_DeCastroFonsecaM_2","CALTEC-001-141","CALTEC-001-141","Parkinson Disease","NCIT:C26845","feces","UBERON:0001988","Mus musculus","NCBITaxon:10090","Case","NCIT:C49152",60,NA,NA,"Day","NCIT:C25301",NA,NA,NA,NA,"Kaelyn Long"
"MazmanianS_DeCastroFonsecaM_2:CALTEC-001-142","MazmanianS_DeCastroFonsecaM_2","CALTEC-001-142","CALTEC-001-142","Parkinson Disease","NCIT:C26845","feces","UBERON:0001988","Mus musculus","NCBITaxon:10090","Case","NCIT:C49152",60,NA,NA,"Day","NCIT:C25301",NA,NA,NA,NA,"Kaelyn Long"
"MazmanianS_DeCastroFonsecaM_2:CALTEC-001-143","MazmanianS_DeCastroFonsecaM_2","CALTEC-001-143","CALTEC-001-143","Parkinson Disease","NCIT:C26845","feces","UBERON:0001988","Mus musculus","NCBITaxon:10090","Case","NCIT:C49152",60,NA,NA,"Day","NCIT:C25301",NA,NA,NA,NA,"Kaelyn Long"
"MazmanianS_DeCastroFonsecaM_2:CALTEC-001-144","MazmanianS_DeCastroFonsecaM_2","CALTEC-001-144","CALTEC-001-144","Parkinson Disease","NCIT:C26845","feces","UBERON:0001988","Mus musculus","NCBITaxon:10090","Study Control","NCIT:C142703",60,NA,NA,"Day","NCIT:C25301",NA,NA,NA,NA,"Kaelyn Long"
"MazmanianS_DeCastroFonsecaM_2:CALTEC-001-145","MazmanianS_DeCastroFonsecaM_2","CALTEC-001-145","CALTEC-001-145","Parkinson Disease","NCIT:C26845","feces","UBERON:0001988","Mus musculus","NCBITaxon:10090","Case","NCIT:C49152",64,NA,NA,"Day","NCIT:C25301",NA,NA,NA,NA,"Kaelyn Long"
"MazmanianS_DeCastroFonsecaM_2:CALTEC-001-146","MazmanianS_DeCastroFonsecaM_2","CALTEC-001-146","CALTEC-001-146","Parkinson Disease","NCIT:C26845","feces","UBERON:0001988","Mus musculus","NCBITaxon:10090","Study Control","NCIT:C142703",64,NA,NA,"Day","NCIT:C25301",NA,NA,NA,NA,"Kaelyn Long"
"MazmanianS_DeCastroFonsecaM_2:CALTEC-001-147","MazmanianS_DeCastroFonsecaM_2","CALTEC-001-147","CALTEC-001-147","Parkinson Disease","NCIT:C26845","feces","UBERON:0001988","Mus musculus","NCBITaxon:10090","Study Control","NCIT:C142703",64,NA,NA,"Day","NCIT:C25301",NA,NA,NA,NA,"Kaelyn Long"
"MazmanianS_DeCastroFonsecaM_2:CALTEC-001-148","MazmanianS_DeCastroFonsecaM_2","CALTEC-001-148","CALTEC-001-148","Parkinson Disease","NCIT:C26845","feces","UBERON:0001988","Mus musculus","NCBITaxon:10090","Case","NCIT:C49152",64,NA,NA,"Day","NCIT:C25301",NA,NA,NA,NA,"Kaelyn Long"
"MazmanianS_DeCastroFonsecaM_2:CALTEC-001-149","MazmanianS_DeCastroFonsecaM_2","CALTEC-001-149","CALTEC-001-149","Parkinson Disease","NCIT:C26845","feces","UBERON:0001988","Mus musculus","NCBITaxon:10090","Study Control","NCIT:C142703",64,NA,NA,"Day","NCIT:C25301",NA,NA,NA,NA,"Kaelyn Long"
"MazmanianS_DeCastroFonsecaM_2:CALTEC-001-150","MazmanianS_DeCastroFonsecaM_2","CALTEC-001-150","CALTEC-001-150","Parkinson Disease","NCIT:C26845","feces","UBERON:0001988","Mus musculus","NCBITaxon:10090","Study Control","NCIT:C142703",64,NA,NA,"Day","NCIT:C25301",NA,NA,NA,NA,"Kaelyn Long"
"MazmanianS_DeCastroFonsecaM_2:CALTEC-001-151","MazmanianS_DeCastroFonsecaM_2","CALTEC-001-151","CALTEC-001-151","Parkinson Disease","NCIT:C26845","feces","UBERON:0001988","Mus musculus","NCBITaxon:10090","Case","NCIT:C49152",64,NA,NA,"Day","NCIT:C25301",NA,NA,NA,NA,"Kaelyn Long"
"MazmanianS_DeCastroFonsecaM_2:CALTEC-001-152","MazmanianS_DeCastroFonsecaM_2","CALTEC-001-152","CALTEC-001-152","Parkinson Disease","NCIT:C26845","feces","UBERON:0001988","Mus musculus","NCBITaxon:10090","Study Control","NCIT:C142703",64,NA,NA,"Day","NCIT:C25301",NA,NA,NA,NA,"Kaelyn Long"
"MazmanianS_DeCastroFonsecaM_2:CALTEC-001-153","MazmanianS_DeCastroFonsecaM_2","CALTEC-001-153","CALTEC-001-153","Parkinson Disease","NCIT:C26845","feces","UBERON:0001988","Mus musculus","NCBITaxon:10090","Case","NCIT:C49152",64,NA,NA,"Day","NCIT:C25301",NA,NA,NA,NA,"Kaelyn Long"
"MazmanianS_DeCastroFonsecaM_2:CALTEC-001-154","MazmanianS_DeCastroFonsecaM_2","CALTEC-001-154","CALTEC-001-154","Parkinson Disease","NCIT:C26845","feces","UBERON:0001988","Mus musculus","NCBITaxon:10090","Case","NCIT:C49152",64,NA,NA,"Day","NCIT:C25301",NA,NA,NA,NA,"Kaelyn Long"
"MazmanianS_DeCastroFonsecaM_2:CALTEC-001-155","MazmanianS_DeCastroFonsecaM_2","CALTEC-001-155","CALTEC-001-155","Parkinson Disease","NCIT:C26845","feces","UBERON:0001988","Mus musculus","NCBITaxon:10090","Case","NCIT:C49152",64,NA,NA,"Day","NCIT:C25301",NA,NA,NA,NA,"Kaelyn Long"
"MazmanianS_DeCastroFonsecaM_2:CALTEC-001-156","MazmanianS_DeCastroFonsecaM_2","CALTEC-001-156","CALTEC-001-156","Parkinson Disease","NCIT:C26845","feces","UBERON:0001988","Mus musculus","NCBITaxon:10090","Case","NCIT:C49152",64,NA,NA,"Day","NCIT:C25301",NA,NA,NA,NA,"Kaelyn Long"
"MazmanianS_DeCastroFonsecaM_2:CALTEC-001-157","MazmanianS_DeCastroFonsecaM_2","CALTEC-001-157","CALTEC-001-157","Parkinson Disease","NCIT:C26845","feces","UBERON:0001988","Mus musculus","NCBITaxon:10090","Case","NCIT:C49152",64,NA,NA,"Day","NCIT:C25301",NA,NA,NA,NA,"Kaelyn Long"
"MazmanianS_DeCastroFonsecaM_2:CALTEC-001-158","MazmanianS_DeCastroFonsecaM_2","CALTEC-001-158","CALTEC-001-158","Parkinson Disease","NCIT:C26845","feces","UBERON:0001988","Mus musculus","NCBITaxon:10090","Study Control","NCIT:C142703",64,NA,NA,"Day","NCIT:C25301",NA,NA,NA,NA,"Kaelyn Long"
"MazmanianS_DeCastroFonsecaM_2:CALTEC-001-159","MazmanianS_DeCastroFonsecaM_2","CALTEC-001-159","CALTEC-001-159","Parkinson Disease","NCIT:C26845","feces","UBERON:0001988","Mus musculus","NCBITaxon:10090","Case","NCIT:C49152",68,NA,NA,"Day","NCIT:C25301",NA,NA,NA,NA,"Kaelyn Long"
"MazmanianS_DeCastroFonsecaM_2:CALTEC-001-160","MazmanianS_DeCastroFonsecaM_2","CALTEC-001-160","CALTEC-001-160","Parkinson Disease","NCIT:C26845","feces","UBERON:0001988","Mus musculus","NCBITaxon:10090","Study Control","NCIT:C142703",68,NA,NA,"Day","NCIT:C25301",NA,NA,NA,NA,"Kaelyn Long"
"MazmanianS_DeCastroFonsecaM_2:CALTEC-001-161","MazmanianS_DeCastroFonsecaM_2","CALTEC-001-161","CALTEC-001-161","Parkinson Disease","NCIT:C26845","feces","UBERON:0001988","Mus musculus","NCBITaxon:10090","Study Control","NCIT:C142703",68,NA,NA,"Day","NCIT:C25301",NA,NA,NA,NA,"Kaelyn Long"
"MazmanianS_DeCastroFonsecaM_2:CALTEC-001-162","MazmanianS_DeCastroFonsecaM_2","CALTEC-001-162","CALTEC-001-162","Parkinson Disease","NCIT:C26845","feces","UBERON:0001988","Mus musculus","NCBITaxon:10090","Case","NCIT:C49152",68,NA,NA,"Day","NCIT:C25301",NA,NA,NA,NA,"Kaelyn Long"
"MazmanianS_DeCastroFonsecaM_2:CALTEC-001-163","MazmanianS_DeCastroFonsecaM_2","CALTEC-001-163","CALTEC-001-163","Parkinson Disease","NCIT:C26845","feces","UBERON:0001988","Mus musculus","NCBITaxon:10090","Study Control","NCIT:C142703",68,NA,NA,"Day","NCIT:C25301",NA,NA,NA,NA,"Kaelyn Long"
"MazmanianS_DeCastroFonsecaM_2:CALTEC-001-164","MazmanianS_DeCastroFonsecaM_2","CALTEC-001-164","CALTEC-001-164","Parkinson Disease","NCIT:C26845","feces","UBERON:0001988","Mus musculus","NCBITaxon:10090","Study Control","NCIT:C142703",68,NA,NA,"Day","NCIT:C25301",NA,NA,NA,NA,"Kaelyn Long"
"MazmanianS_DeCastroFonsecaM_2:CALTEC-001-165","MazmanianS_DeCastroFonsecaM_2","CALTEC-001-165","CALTEC-001-165","Parkinson Disease","NCIT:C26845","feces","UBERON:0001988","Mus musculus","NCBITaxon:10090","Case","NCIT:C49152",68,NA,NA,"Day","NCIT:C25301",NA,NA,NA,NA,"Kaelyn Long"
"MazmanianS_DeCastroFonsecaM_2:CALTEC-001-166","MazmanianS_DeCastroFonsecaM_2","CALTEC-001-166","CALTEC-001-166","Parkinson Disease","NCIT:C26845","feces","UBERON:0001988","Mus musculus","NCBITaxon:10090","Study Control","NCIT:C142703",68,NA,NA,"Day","NCIT:C25301",NA,NA,NA,NA,"Kaelyn Long"
"MazmanianS_DeCastroFonsecaM_2:CALTEC-001-167","MazmanianS_DeCastroFonsecaM_2","CALTEC-001-167","CALTEC-001-167","Parkinson Disease","NCIT:C26845","feces","UBERON:0001988","Mus musculus","NCBITaxon:10090","Case","NCIT:C49152",68,NA,NA,"Day","NCIT:C25301",NA,NA,NA,NA,"Kaelyn Long"
"MazmanianS_DeCastroFonsecaM_2:CALTEC-001-168","MazmanianS_DeCastroFonsecaM_2","CALTEC-001-168","CALTEC-001-168","Parkinson Disease","NCIT:C26845","feces","UBERON:0001988","Mus musculus","NCBITaxon:10090","Case","NCIT:C49152",68,NA,NA,"Day","NCIT:C25301",NA,NA,NA,NA,"Kaelyn Long"
"MazmanianS_DeCastroFonsecaM_2:CALTEC-001-169","MazmanianS_DeCastroFonsecaM_2","CALTEC-001-169","CALTEC-001-169","Parkinson Disease","NCIT:C26845","feces","UBERON:0001988","Mus musculus","NCBITaxon:10090","Case","NCIT:C49152",68,NA,NA,"Day","NCIT:C25301",NA,NA,NA,NA,"Kaelyn Long"
"MazmanianS_DeCastroFonsecaM_2:CALTEC-001-170","MazmanianS_DeCastroFonsecaM_2","CALTEC-001-170","CALTEC-001-170","Parkinson Disease","NCIT:C26845","feces","UBERON:0001988","Mus musculus","NCBITaxon:10090","Case","NCIT:C49152",68,NA,NA,"Day","NCIT:C25301",NA,NA,NA,NA,"Kaelyn Long"
"MazmanianS_DeCastroFonsecaM_2:CALTEC-001-171","MazmanianS_DeCastroFonsecaM_2","CALTEC-001-171","CALTEC-001-171","Parkinson Disease","NCIT:C26845","feces","UBERON:0001988","Mus musculus","NCBITaxon:10090","Case","NCIT:C49152",68,NA,NA,"Day","NCIT:C25301",NA,NA,NA,NA,"Kaelyn Long"
"MazmanianS_DeCastroFonsecaM_2:CALTEC-001-172","MazmanianS_DeCastroFonsecaM_2","CALTEC-001-172","CALTEC-001-172","Parkinson Disease","NCIT:C26845","feces","UBERON:0001988","Mus musculus","NCBITaxon:10090","Study Control","NCIT:C142703",68,NA,NA,"Day","NCIT:C25301",NA,NA,NA,NA,"Kaelyn Long"
"MazmanianS_DeCastroFonsecaM_2:CALTEC-001-173","MazmanianS_DeCastroFonsecaM_2","CALTEC-001-173","CALTEC-001-173","Parkinson Disease","NCIT:C26845","feces","UBERON:0001988","Mus musculus","NCBITaxon:10090","Case","NCIT:C49152",70,NA,NA,"Day","NCIT:C25301",NA,NA,NA,NA,"Kaelyn Long"
"MazmanianS_DeCastroFonsecaM_2:CALTEC-001-174","MazmanianS_DeCastroFonsecaM_2","CALTEC-001-174","CALTEC-001-174","Parkinson Disease","NCIT:C26845","feces","UBERON:0001988","Mus musculus","NCBITaxon:10090","Study Control","NCIT:C142703",70,NA,NA,"Day","NCIT:C25301",NA,NA,NA,NA,"Kaelyn Long"
"MazmanianS_DeCastroFonsecaM_2:CALTEC-001-175","MazmanianS_DeCastroFonsecaM_2","CALTEC-001-175","CALTEC-001-175","Parkinson Disease","NCIT:C26845","feces","UBERON:0001988","Mus musculus","NCBITaxon:10090","Study Control","NCIT:C142703",70,NA,NA,"Day","NCIT:C25301",NA,NA,NA,NA,"Kaelyn Long"
"MazmanianS_DeCastroFonsecaM_2:CALTEC-001-176","MazmanianS_DeCastroFonsecaM_2","CALTEC-001-176","CALTEC-001-176","Parkinson Disease","NCIT:C26845","feces","UBERON:0001988","Mus musculus","NCBITaxon:10090","Case","NCIT:C49152",70,NA,NA,"Day","NCIT:C25301",NA,NA,NA,NA,"Kaelyn Long"
"MazmanianS_DeCastroFonsecaM_2:CALTEC-001-177","MazmanianS_DeCastroFonsecaM_2","CALTEC-001-177","CALTEC-001-177","Parkinson Disease","NCIT:C26845","feces","UBERON:0001988","Mus musculus","NCBITaxon:10090","Study Control","NCIT:C142703",70,NA,NA,"Day","NCIT:C25301",NA,NA,NA,NA,"Kaelyn Long"
"MazmanianS_DeCastroFonsecaM_2:CALTEC-001-178","MazmanianS_DeCastroFonsecaM_2","CALTEC-001-178","CALTEC-001-178","Parkinson Disease","NCIT:C26845","feces","UBERON:0001988","Mus musculus","NCBITaxon:10090","Study Control","NCIT:C142703",70,NA,NA,"Day","NCIT:C25301",NA,NA,NA,NA,"Kaelyn Long"
"MazmanianS_DeCastroFonsecaM_2:CALTEC-001-179","MazmanianS_DeCastroFonsecaM_2","CALTEC-001-179","CALTEC-001-179","Parkinson Disease","NCIT:C26845","feces","UBERON:0001988","Mus musculus","NCBITaxon:10090","Case","NCIT:C49152",70,NA,NA,"Day","NCIT:C25301",NA,NA,NA,NA,"Kaelyn Long"
"MazmanianS_DeCastroFonsecaM_2:CALTEC-001-180","MazmanianS_DeCastroFonsecaM_2","CALTEC-001-180","CALTEC-001-180","Parkinson Disease","NCIT:C26845","feces","UBERON:0001988","Mus musculus","NCBITaxon:10090","Study Control","NCIT:C142703",70,NA,NA,"Day","NCIT:C25301",NA,NA,NA,NA,"Kaelyn Long"
"MazmanianS_DeCastroFonsecaM_2:CALTEC-001-181","MazmanianS_DeCastroFonsecaM_2","CALTEC-001-181","CALTEC-001-181","Parkinson Disease","NCIT:C26845","feces","UBERON:0001988","Mus musculus","NCBITaxon:10090","Case","NCIT:C49152",70,NA,NA,"Day","NCIT:C25301",NA,NA,NA,NA,"Kaelyn Long"
"MazmanianS_DeCastroFonsecaM_2:CALTEC-001-182","MazmanianS_DeCastroFonsecaM_2","CALTEC-001-182","CALTEC-001-182","Parkinson Disease","NCIT:C26845","feces","UBERON:0001988","Mus musculus","NCBITaxon:10090","Case","NCIT:C49152",70,NA,NA,"Day","NCIT:C25301",NA,NA,NA,NA,"Kaelyn Long"
"MazmanianS_DeCastroFonsecaM_2:CALTEC-001-183","MazmanianS_DeCastroFonsecaM_2","CALTEC-001-183","CALTEC-001-183","Parkinson Disease","NCIT:C26845","feces","UBERON:0001988","Mus musculus","NCBITaxon:10090","Case","NCIT:C49152",70,NA,NA,"Day","NCIT:C25301",NA,NA,NA,NA,"Kaelyn Long"
"MazmanianS_DeCastroFonsecaM_2:CALTEC-001-184","MazmanianS_DeCastroFonsecaM_2","CALTEC-001-184","CALTEC-001-184","Parkinson Disease","NCIT:C26845","feces","UBERON:0001988","Mus musculus","NCBITaxon:10090","Case","NCIT:C49152",70,NA,NA,"Day","NCIT:C25301",NA,NA,NA,NA,"Kaelyn Long"
"MazmanianS_DeCastroFonsecaM_2:CALTEC-001-185","MazmanianS_DeCastroFonsecaM_2","CALTEC-001-185","CALTEC-001-185","Parkinson Disease","NCIT:C26845","feces","UBERON:0001988","Mus musculus","NCBITaxon:10090","Case","NCIT:C49152",70,NA,NA,"Day","NCIT:C25301",NA,NA,NA,NA,"Kaelyn Long"
"MazmanianS_DeCastroFonsecaM_2:CALTEC-001-186","MazmanianS_DeCastroFonsecaM_2","CALTEC-001-186","CALTEC-001-186","Parkinson Disease","NCIT:C26845","feces","UBERON:0001988","Mus musculus","NCBITaxon:10090","Study Control","NCIT:C142703",70,NA,NA,"Day","NCIT:C25301",NA,NA,NA,NA,"Kaelyn Long"
"MazmanianS_DeCastroFonsecaM_2:CALTEC-001-187","MazmanianS_DeCastroFonsecaM_2","CALTEC-001-187","CALTEC-001-187","Parkinson Disease","NCIT:C26845","feces","UBERON:0001988","Mus musculus","NCBITaxon:10090","Case","NCIT:C49152",78,NA,NA,"Day","NCIT:C25301",NA,NA,NA,NA,"Kaelyn Long"
"MazmanianS_DeCastroFonsecaM_2:CALTEC-001-188","MazmanianS_DeCastroFonsecaM_2","CALTEC-001-188","CALTEC-001-188","Parkinson Disease","NCIT:C26845","feces","UBERON:0001988","Mus musculus","NCBITaxon:10090","Study Control","NCIT:C142703",78,NA,NA,"Day","NCIT:C25301",NA,NA,NA,NA,"Kaelyn Long"
"MazmanianS_DeCastroFonsecaM_2:CALTEC-001-189","MazmanianS_DeCastroFonsecaM_2","CALTEC-001-189","CALTEC-001-189","Parkinson Disease","NCIT:C26845","feces","UBERON:0001988","Mus musculus","NCBITaxon:10090","Study Control","NCIT:C142703",78,NA,NA,"Day","NCIT:C25301",NA,NA,NA,NA,"Kaelyn Long"
"MazmanianS_DeCastroFonsecaM_2:CALTEC-001-190","MazmanianS_DeCastroFonsecaM_2","CALTEC-001-190","CALTEC-001-190","Parkinson Disease","NCIT:C26845","feces","UBERON:0001988","Mus musculus","NCBITaxon:10090","Case","NCIT:C49152",78,NA,NA,"Day","NCIT:C25301",NA,NA,NA,NA,"Kaelyn Long"
"MazmanianS_DeCastroFonsecaM_2:CALTEC-001-191","MazmanianS_DeCastroFonsecaM_2","CALTEC-001-191","CALTEC-001-191","Parkinson Disease","NCIT:C26845","feces","UBERON:0001988","Mus musculus","NCBITaxon:10090","Study Control","NCIT:C142703",78,NA,NA,"Day","NCIT:C25301",NA,NA,NA,NA,"Kaelyn Long"
"MazmanianS_DeCastroFonsecaM_2:CALTEC-001-192","MazmanianS_DeCastroFonsecaM_2","CALTEC-001-192","CALTEC-001-192","Parkinson Disease","NCIT:C26845","feces","UBERON:0001988","Mus musculus","NCBITaxon:10090","Study Control","NCIT:C142703",78,NA,NA,"Day","NCIT:C25301",NA,NA,NA,NA,"Kaelyn Long"
"MazmanianS_DeCastroFonsecaM_2:CALTEC-001-193","MazmanianS_DeCastroFonsecaM_2","CALTEC-001-193","CALTEC-001-193","Parkinson Disease","NCIT:C26845","feces","UBERON:0001988","Mus musculus","NCBITaxon:10090","Case","NCIT:C49152",78,NA,NA,"Day","NCIT:C25301",NA,NA,NA,NA,"Kaelyn Long"
"MazmanianS_DeCastroFonsecaM_2:CALTEC-001-194","MazmanianS_DeCastroFonsecaM_2","CALTEC-001-194","CALTEC-001-194","Parkinson Disease","NCIT:C26845","feces","UBERON:0001988","Mus musculus","NCBITaxon:10090","Study Control","NCIT:C142703",78,NA,NA,"Day","NCIT:C25301",NA,NA,NA,NA,"Kaelyn Long"
"MazmanianS_DeCastroFonsecaM_2:CALTEC-001-195","MazmanianS_DeCastroFonsecaM_2","CALTEC-001-195","CALTEC-001-195","Parkinson Disease","NCIT:C26845","feces","UBERON:0001988","Mus musculus","NCBITaxon:10090","Case","NCIT:C49152",78,NA,NA,"Day","NCIT:C25301",NA,NA,NA,NA,"Kaelyn Long"
"MazmanianS_DeCastroFonsecaM_2:CALTEC-001-196","MazmanianS_DeCastroFonsecaM_2","CALTEC-001-196","CALTEC-001-196","Parkinson Disease","NCIT:C26845","feces","UBERON:0001988","Mus musculus","NCBITaxon:10090","Case","NCIT:C49152",78,NA,NA,"Day","NCIT:C25301",NA,NA,NA,NA,"Kaelyn Long"
"MazmanianS_DeCastroFonsecaM_2:CALTEC-001-197","MazmanianS_DeCastroFonsecaM_2","CALTEC-001-197","CALTEC-001-197","Parkinson Disease","NCIT:C26845","feces","UBERON:0001988","Mus musculus","NCBITaxon:10090","Case","NCIT:C49152",78,NA,NA,"Day","NCIT:C25301",NA,NA,NA,NA,"Kaelyn Long"
"MazmanianS_DeCastroFonsecaM_2:CALTEC-001-198","MazmanianS_DeCastroFonsecaM_2","CALTEC-001-198","CALTEC-001-198","Parkinson Disease","NCIT:C26845","feces","UBERON:0001988","Mus musculus","NCBITaxon:10090","Case","NCIT:C49152",78,NA,NA,"Day","NCIT:C25301",NA,NA,NA,NA,"Kaelyn Long"
"MazmanianS_DeCastroFonsecaM_2:CALTEC-001-199","MazmanianS_DeCastroFonsecaM_2","CALTEC-001-199","CALTEC-001-199","Parkinson Disease","NCIT:C26845","feces","UBERON:0001988","Mus musculus","NCBITaxon:10090","Case","NCIT:C49152",78,NA,NA,"Day","NCIT:C25301",NA,NA,NA,NA,"Kaelyn Long"
"MazmanianS_DeCastroFonsecaM_2:CALTEC-001-200","MazmanianS_DeCastroFonsecaM_2","CALTEC-001-200","CALTEC-001-200","Parkinson Disease","NCIT:C26845","feces","UBERON:0001988","Mus musculus","NCBITaxon:10090","Study Control","NCIT:C142703",78,NA,NA,"Day","NCIT:C25301",NA,NA,NA,NA,"Kaelyn Long"
"MazmanianS_DeCastroFonsecaM_3:CALTEC-001-ASO1_5mo_aFMT","MazmanianS_DeCastroFonsecaM_3","CALTEC-001-ASO1_5mo_aFMT","CALTEC-001-ASO1_5mo_aFMT","Parkinson Disease","NCIT:C26845","feces","UBERON:0001988","Mus musculus","NCBITaxon:10090","Case","NCIT:C49152",5,NA,NA,"Month","NCIT:C29846",NA,NA,NA,NA,"Kaelyn Long"
"MazmanianS_DeCastroFonsecaM_3:CALTEC-001-ASO2_5mo_aFMT","MazmanianS_DeCastroFonsecaM_3","CALTEC-001-ASO2_5mo_aFMT","CALTEC-001-ASO2_5mo_aFMT","Parkinson Disease","NCIT:C26845","feces","UBERON:0001988","Mus musculus","NCBITaxon:10090","Case","NCIT:C49152",5,NA,NA,"Month","NCIT:C29846",NA,NA,NA,NA,"Kaelyn Long"
"MazmanianS_DeCastroFonsecaM_3:CALTEC-001-ASO3_5mo_aFMT","MazmanianS_DeCastroFonsecaM_3","CALTEC-001-ASO3_5mo_aFMT","CALTEC-001-ASO3_5mo_aFMT","Parkinson Disease","NCIT:C26845","feces","UBERON:0001988","Mus musculus","NCBITaxon:10090","Case","NCIT:C49152",5,NA,NA,"Month","NCIT:C29846",NA,NA,NA,NA,"Kaelyn Long"
"MazmanianS_DeCastroFonsecaM_3:CALTEC-001-ASO4_5mo_aFMT","MazmanianS_DeCastroFonsecaM_3","CALTEC-001-ASO4_5mo_aFMT","CALTEC-001-ASO4_5mo_aFMT","Parkinson Disease","NCIT:C26845","feces","UBERON:0001988","Mus musculus","NCBITaxon:10090","Case","NCIT:C49152",5,NA,NA,"Month","NCIT:C29846",NA,NA,NA,NA,"Kaelyn Long"
"MazmanianS_DeCastroFonsecaM_3:CALTEC-001-ASO5_5mo_aFMT","MazmanianS_DeCastroFonsecaM_3","CALTEC-001-ASO5_5mo_aFMT","CALTEC-001-ASO5_5mo_aFMT","Parkinson Disease","NCIT:C26845","feces","UBERON:0001988","Mus musculus","NCBITaxon:10090","Case","NCIT:C49152",5,NA,NA,"Month","NCIT:C29846",NA,NA,NA,NA,"Kaelyn Long"
"MazmanianS_DeCastroFonsecaM_3:CALTEC-001-ASO6_5mo_aFMT","MazmanianS_DeCastroFonsecaM_3","CALTEC-001-ASO6_5mo_aFMT","CALTEC-001-ASO6_5mo_aFMT","Parkinson Disease","NCIT:C26845","feces","UBERON:0001988","Mus musculus","NCBITaxon:10090","Case","NCIT:C49152",5,NA,NA,"Month","NCIT:C29846",NA,NA,NA,NA,"Kaelyn Long"
"MazmanianS_DeCastroFonsecaM_3:CALTEC-001-ASO7_5mo_aFMT","MazmanianS_DeCastroFonsecaM_3","CALTEC-001-ASO7_5mo_aFMT","CALTEC-001-ASO7_5mo_aFMT","Parkinson Disease","NCIT:C26845","feces","UBERON:0001988","Mus musculus","NCBITaxon:10090","Case","NCIT:C49152",5,NA,NA,"Month","NCIT:C29846",NA,NA,NA,NA,"Kaelyn Long"
"MazmanianS_DeCastroFonsecaM_3:CALTEC-001-ASO8_5mo_aFMT","MazmanianS_DeCastroFonsecaM_3","CALTEC-001-ASO8_5mo_aFMT","CALTEC-001-ASO8_5mo_aFMT","Parkinson Disease","NCIT:C26845","feces","UBERON:0001988","Mus musculus","NCBITaxon:10090","Case","NCIT:C49152",5,NA,NA,"Month","NCIT:C29846",NA,NA,NA,NA,"Kaelyn Long"
"MazmanianS_DeCastroFonsecaM_3:CALTEC-001-ASO9_5mo_aFMT","MazmanianS_DeCastroFonsecaM_3","CALTEC-001-ASO9_5mo_aFMT","CALTEC-001-ASO9_5mo_aFMT","Parkinson Disease","NCIT:C26845","feces","UBERON:0001988","Mus musculus","NCBITaxon:10090","Case","NCIT:C49152",5,NA,NA,"Month","NCIT:C29846",NA,NA,NA,NA,"Kaelyn Long"
"MazmanianS_DeCastroFonsecaM_3:CALTEC-001-ASO10_5mo_aFMT","MazmanianS_DeCastroFonsecaM_3","CALTEC-001-ASO10_5mo_aFMT","CALTEC-001-ASO10_5mo_aFMT","Parkinson Disease","NCIT:C26845","feces","UBERON:0001988","Mus musculus","NCBITaxon:10090","Case","NCIT:C49152",5,NA,NA,"Month","NCIT:C29846",NA,NA,NA,NA,"Kaelyn Long"
"MazmanianS_DeCastroFonsecaM_3:CALTEC-001-ASO1_5mo_yFMT","MazmanianS_DeCastroFonsecaM_3","CALTEC-001-ASO1_5mo_yFMT","CALTEC-001-ASO1_5mo_yFMT","Parkinson Disease","NCIT:C26845","feces","UBERON:0001988","Mus musculus","NCBITaxon:10090","Study Control","NCIT:C142703",5,NA,NA,"Month","NCIT:C29846",NA,NA,NA,NA,"Kaelyn Long"
"MazmanianS_DeCastroFonsecaM_3:CALTEC-001-ASO2_5mo_yFMT","MazmanianS_DeCastroFonsecaM_3","CALTEC-001-ASO2_5mo_yFMT","CALTEC-001-ASO2_5mo_yFMT","Parkinson Disease","NCIT:C26845","feces","UBERON:0001988","Mus musculus","NCBITaxon:10090","Study Control","NCIT:C142703",5,NA,NA,"Month","NCIT:C29846",NA,NA,NA,NA,"Kaelyn Long"
"MazmanianS_DeCastroFonsecaM_3:CALTEC-001-ASO3_5mo_yFMT","MazmanianS_DeCastroFonsecaM_3","CALTEC-001-ASO3_5mo_yFMT","CALTEC-001-ASO3_5mo_yFMT","Parkinson Disease","NCIT:C26845","feces","UBERON:0001988","Mus musculus","NCBITaxon:10090","Study Control","NCIT:C142703",5,NA,NA,"Month","NCIT:C29846",NA,NA,NA,NA,"Kaelyn Long"
"MazmanianS_DeCastroFonsecaM_3:CALTEC-001-ASO4_5mo_yFMT","MazmanianS_DeCastroFonsecaM_3","CALTEC-001-ASO4_5mo_yFMT","CALTEC-001-ASO4_5mo_yFMT","Parkinson Disease","NCIT:C26845","feces","UBERON:0001988","Mus musculus","NCBITaxon:10090","Study Control","NCIT:C142703",5,NA,NA,"Month","NCIT:C29846",NA,NA,NA,NA,"Kaelyn Long"
"MazmanianS_DeCastroFonsecaM_3:CALTEC-001-ASO5_5mo_yFMT","MazmanianS_DeCastroFonsecaM_3","CALTEC-001-ASO5_5mo_yFMT","CALTEC-001-ASO5_5mo_yFMT","Parkinson Disease","NCIT:C26845","feces","UBERON:0001988","Mus musculus","NCBITaxon:10090","Study Control","NCIT:C142703",5,NA,NA,"Month","NCIT:C29846",NA,NA,NA,NA,"Kaelyn Long"
"MazmanianS_DeCastroFonsecaM_3:CALTEC-001-ASO6_5mo_yFMT","MazmanianS_DeCastroFonsecaM_3","CALTEC-001-ASO6_5mo_yFMT","CALTEC-001-ASO6_5mo_yFMT","Parkinson Disease","NCIT:C26845","feces","UBERON:0001988","Mus musculus","NCBITaxon:10090","Study Control","NCIT:C142703",5,NA,NA,"Month","NCIT:C29846",NA,NA,NA,NA,"Kaelyn Long"
"MazmanianS_DeCastroFonsecaM_3:CALTEC-001-ASO7_5mo_yFMT","MazmanianS_DeCastroFonsecaM_3","CALTEC-001-ASO7_5mo_yFMT","CALTEC-001-ASO7_5mo_yFMT","Parkinson Disease","NCIT:C26845","feces","UBERON:0001988","Mus musculus","NCBITaxon:10090","Study Control","NCIT:C142703",5,NA,NA,"Month","NCIT:C29846",NA,NA,NA,NA,"Kaelyn Long"
"MazmanianS_DeCastroFonsecaM_3:CALTEC-001-ASO8_5mo_yFMT","MazmanianS_DeCastroFonsecaM_3","CALTEC-001-ASO8_5mo_yFMT","CALTEC-001-ASO8_5mo_yFMT","Parkinson Disease","NCIT:C26845","feces","UBERON:0001988","Mus musculus","NCBITaxon:10090","Study Control","NCIT:C142703",5,NA,NA,"Month","NCIT:C29846",NA,NA,NA,NA,"Kaelyn Long"
"MazmanianS_DeCastroFonsecaM_3:CALTEC-001-ASO9_5mo_yFMT","MazmanianS_DeCastroFonsecaM_3","CALTEC-001-ASO9_5mo_yFMT","CALTEC-001-ASO9_5mo_yFMT","Parkinson Disease","NCIT:C26845","feces","UBERON:0001988","Mus musculus","NCBITaxon:10090","Study Control","NCIT:C142703",5,NA,NA,"Month","NCIT:C29846",NA,NA,NA,NA,"Kaelyn Long"
"MazmanianS_DeCastroFonsecaM_3:CALTEC-001-ASO10_5mo_yFMT","MazmanianS_DeCastroFonsecaM_3","CALTEC-001-ASO10_5mo_yFMT","CALTEC-001-ASO10_5mo_yFMT","Parkinson Disease","NCIT:C26845","feces","UBERON:0001988","Mus musculus","NCBITaxon:10090","Study Control","NCIT:C142703",5,NA,NA,"Month","NCIT:C29846",NA,NA,NA,NA,"Kaelyn Long"
"MazmanianS_DeCastroFonsecaM_4:CALTEC-001-ASO1_Vanco","MazmanianS_DeCastroFonsecaM_4","CALTEC-001-ASO1_Vanco","CALTEC-001-ASO1_Vanco","Parkinson Disease","NCIT:C26845","feces","UBERON:0001988","Mus musculus","NCBITaxon:10090","Case","NCIT:C49152",5,NA,NA,"Month","NCIT:C29846",NA,NA,NA,NA,"Kaelyn Long"
"MazmanianS_DeCastroFonsecaM_4:CALTEC-001-ASO2_Vanco","MazmanianS_DeCastroFonsecaM_4","CALTEC-001-ASO2_Vanco","CALTEC-001-ASO2_Vanco","Parkinson Disease","NCIT:C26845","feces","UBERON:0001988","Mus musculus","NCBITaxon:10090","Case","NCIT:C49152",5,NA,NA,"Month","NCIT:C29846",NA,NA,NA,NA,"Kaelyn Long"
"MazmanianS_DeCastroFonsecaM_4:CALTEC-001-ASO3_Vanco","MazmanianS_DeCastroFonsecaM_4","CALTEC-001-ASO3_Vanco","CALTEC-001-ASO3_Vanco","Parkinson Disease","NCIT:C26845","feces","UBERON:0001988","Mus musculus","NCBITaxon:10090","Case","NCIT:C49152",5,NA,NA,"Month","NCIT:C29846",NA,NA,NA,NA,"Kaelyn Long"
"MazmanianS_DeCastroFonsecaM_4:CALTEC-001-ASO4_Vanco","MazmanianS_DeCastroFonsecaM_4","CALTEC-001-ASO4_Vanco","CALTEC-001-ASO4_Vanco","Parkinson Disease","NCIT:C26845","feces","UBERON:0001988","Mus musculus","NCBITaxon:10090","Case","NCIT:C49152",5,NA,NA,"Month","NCIT:C29846",NA,NA,NA,NA,"Kaelyn Long"
"MazmanianS_DeCastroFonsecaM_4:CALTEC-001-ASO5_Vanco","MazmanianS_DeCastroFonsecaM_4","CALTEC-001-ASO5_Vanco","CALTEC-001-ASO5_Vanco","Parkinson Disease","NCIT:C26845","feces","UBERON:0001988","Mus musculus","NCBITaxon:10090","Case","NCIT:C49152",5,NA,NA,"Month","NCIT:C29846",NA,NA,NA,NA,"Kaelyn Long"
"MazmanianS_DeCastroFonsecaM_4:CALTEC-001-ASO6_Vanco","MazmanianS_DeCastroFonsecaM_4","CALTEC-001-ASO6_Vanco","CALTEC-001-ASO6_Vanco","Parkinson Disease","NCIT:C26845","feces","UBERON:0001988","Mus musculus","NCBITaxon:10090","Case","NCIT:C49152",5,NA,NA,"Month","NCIT:C29846",NA,NA,NA,NA,"Kaelyn Long"
"MazmanianS_DeCastroFonsecaM_4:CALTEC-001-ASO7_Vanco","MazmanianS_DeCastroFonsecaM_4","CALTEC-001-ASO7_Vanco","CALTEC-001-ASO7_Vanco","Parkinson Disease","NCIT:C26845","feces","UBERON:0001988","Mus musculus","NCBITaxon:10090","Case","NCIT:C49152",5,NA,NA,"Month","NCIT:C29846",NA,NA,NA,NA,"Kaelyn Long"
"MazmanianS_DeCastroFonsecaM_4:CALTEC-001-ASO8_Vanco","MazmanianS_DeCastroFonsecaM_4","CALTEC-001-ASO8_Vanco","CALTEC-001-ASO8_Vanco","Parkinson Disease","NCIT:C26845","feces","UBERON:0001988","Mus musculus","NCBITaxon:10090","Case","NCIT:C49152",5,NA,NA,"Month","NCIT:C29846",NA,NA,NA,NA,"Kaelyn Long"
"MazmanianS_DeCastroFonsecaM_4:CALTEC-001-201","MazmanianS_DeCastroFonsecaM_4","CALTEC-001-201","CALTEC-001-201","Parkinson Disease","NCIT:C26845","feces","UBERON:0001988","Mus musculus","NCBITaxon:10090","Case","NCIT:C49152",5,NA,NA,"Month","NCIT:C29846",NA,NA,NA,NA,"Kaelyn Long"
"MazmanianS_DeCastroFonsecaM_4:CALTEC-001-202","MazmanianS_DeCastroFonsecaM_4","CALTEC-001-202","CALTEC-001-202","Parkinson Disease","NCIT:C26845","feces","UBERON:0001988","Mus musculus","NCBITaxon:10090","Case","NCIT:C49152",5,NA,NA,"Month","NCIT:C29846",NA,NA,NA,NA,"Kaelyn Long"
"MazmanianS_DeCastroFonsecaM_4:CALTEC-001-203","MazmanianS_DeCastroFonsecaM_4","CALTEC-001-203","CALTEC-001-203","Parkinson Disease","NCIT:C26845","feces","UBERON:0001988","Mus musculus","NCBITaxon:10090","Case","NCIT:C49152",5,NA,NA,"Month","NCIT:C29846",NA,NA,NA,NA,"Kaelyn Long"
"MazmanianS_DeCastroFonsecaM_4:CALTEC-001-204","MazmanianS_DeCastroFonsecaM_4","CALTEC-001-204","CALTEC-001-204","Parkinson Disease","NCIT:C26845","feces","UBERON:0001988","Mus musculus","NCBITaxon:10090","Case","NCIT:C49152",5,NA,NA,"Month","NCIT:C29846",NA,NA,NA,NA,"Kaelyn Long"
"MazmanianS_DeCastroFonsecaM_4:CALTEC-001-205","MazmanianS_DeCastroFonsecaM_4","CALTEC-001-205","CALTEC-001-205","Parkinson Disease","NCIT:C26845","feces","UBERON:0001988","Mus musculus","NCBITaxon:10090","Case","NCIT:C49152",5,NA,NA,"Month","NCIT:C29846",NA,NA,NA,NA,"Kaelyn Long"
"MazmanianS_DeCastroFonsecaM_4:CALTEC-001-206","MazmanianS_DeCastroFonsecaM_4","CALTEC-001-206","CALTEC-001-206","Parkinson Disease","NCIT:C26845","feces","UBERON:0001988","Mus musculus","NCBITaxon:10090","Case","NCIT:C49152",5,NA,NA,"Month","NCIT:C29846",NA,NA,NA,NA,"Kaelyn Long"
"MazmanianS_DeCastroFonsecaM_4:CALTEC-001-207","MazmanianS_DeCastroFonsecaM_4","CALTEC-001-207","CALTEC-001-207","Parkinson Disease","NCIT:C26845","feces","UBERON:0001988","Mus musculus","NCBITaxon:10090","Case","NCIT:C49152",5,NA,NA,"Month","NCIT:C29846",NA,NA,NA,NA,"Kaelyn Long"
"MazmanianS_DeCastroFonsecaM_4:CALTEC-001-208","MazmanianS_DeCastroFonsecaM_4","CALTEC-001-208","CALTEC-001-208","Parkinson Disease","NCIT:C26845","feces","UBERON:0001988","Mus musculus","NCBITaxon:10090","Case","NCIT:C49152",5,NA,NA,"Month","NCIT:C29846",NA,NA,NA,NA,"Kaelyn Long"
"MazmanianS_DeCastroFonsecaM_4:CALTEC-001-209","MazmanianS_DeCastroFonsecaM_4","CALTEC-001-209","CALTEC-001-209","Parkinson Disease","NCIT:C26845","feces","UBERON:0001988","Mus musculus","NCBITaxon:10090","Case","NCIT:C49152",5,NA,NA,"Month","NCIT:C29846",NA,NA,NA,NA,"Kaelyn Long"
"MazmanianS_DeCastroFonsecaM_4:CALTEC-001-210","MazmanianS_DeCastroFonsecaM_4","CALTEC-001-210","CALTEC-001-210","Parkinson Disease","NCIT:C26845","feces","UBERON:0001988","Mus musculus","NCBITaxon:10090","Case","NCIT:C49152",5,NA,NA,"Month","NCIT:C29846",NA,NA,NA,NA,"Kaelyn Long"
"MazmanianS_DeCastroFonsecaM_4:CALTEC-001-211","MazmanianS_DeCastroFonsecaM_4","CALTEC-001-211","CALTEC-001-211","Parkinson Disease","NCIT:C26845","feces","UBERON:0001988","Mus musculus","NCBITaxon:10090","Case","NCIT:C49152",5,NA,NA,"Month","NCIT:C29846",NA,NA,NA,NA,"Kaelyn Long"
"MazmanianS_DeCastroFonsecaM_4:CALTEC-001-212","MazmanianS_DeCastroFonsecaM_4","CALTEC-001-212","CALTEC-001-212","Parkinson Disease","NCIT:C26845","feces","UBERON:0001988","Mus musculus","NCBITaxon:10090","Case","NCIT:C49152",5,NA,NA,"Month","NCIT:C29846",NA,NA,NA,NA,"Kaelyn Long"
"MazmanianS_DeCastroFonsecaM_4:CALTEC-001-213","MazmanianS_DeCastroFonsecaM_4","CALTEC-001-213","CALTEC-001-213","Parkinson Disease","NCIT:C26845","feces","UBERON:0001988","Mus musculus","NCBITaxon:10090","Case","NCIT:C49152",5,NA,NA,"Month","NCIT:C29846",NA,NA,NA,NA,"Kaelyn Long"
"MazmanianS_DeCastroFonsecaM_4:CALTEC-001-214","MazmanianS_DeCastroFonsecaM_4","CALTEC-001-214","CALTEC-001-214","Parkinson Disease","NCIT:C26845","feces","UBERON:0001988","Mus musculus","NCBITaxon:10090","Case","NCIT:C49152",5,NA,NA,"Month","NCIT:C29846",NA,NA,NA,NA,"Kaelyn Long"
"MazmanianS_DeCastroFonsecaM_4:CALTEC-001-215","MazmanianS_DeCastroFonsecaM_4","CALTEC-001-215","CALTEC-001-215","Parkinson Disease","NCIT:C26845","feces","UBERON:0001988","Mus musculus","NCBITaxon:10090","Case","NCIT:C49152",5,NA,NA,"Month","NCIT:C29846",NA,NA,NA,NA,"Kaelyn Long"
"MazmanianS_DeCastroFonsecaM_4:CALTEC-001-216","MazmanianS_DeCastroFonsecaM_4","CALTEC-001-216","CALTEC-001-216","Parkinson Disease","NCIT:C26845","feces","UBERON:0001988","Mus musculus","NCBITaxon:10090","Case","NCIT:C49152",5,NA,NA,"Month","NCIT:C29846",NA,NA,NA,NA,"Kaelyn Long"
"MazmanianS_DeCastroFonsecaM_4:CALTEC-001-217","MazmanianS_DeCastroFonsecaM_4","CALTEC-001-217","CALTEC-001-217","Parkinson Disease","NCIT:C26845","feces","UBERON:0001988","Mus musculus","NCBITaxon:10090","Case","NCIT:C49152",5,NA,NA,"Month","NCIT:C29846",NA,NA,NA,NA,"Kaelyn Long"
"MazmanianS_DeCastroFonsecaM_4:CALTEC-001-218","MazmanianS_DeCastroFonsecaM_4","CALTEC-001-218","CALTEC-001-218","Parkinson Disease","NCIT:C26845","feces","UBERON:0001988","Mus musculus","NCBITaxon:10090","Case","NCIT:C49152",5,NA,NA,"Month","NCIT:C29846",NA,NA,NA,NA,"Kaelyn Long"
"MazmanianS_DeCastroFonsecaM_4:CALTEC-001-219","MazmanianS_DeCastroFonsecaM_4","CALTEC-001-219","CALTEC-001-219","Parkinson Disease","NCIT:C26845","feces","UBERON:0001988","Mus musculus","NCBITaxon:10090","Case","NCIT:C49152",5,NA,NA,"Month","NCIT:C29846",NA,NA,NA,NA,"Kaelyn Long"
"MazmanianS_DeCastroFonsecaM_4:CALTEC-001-220","MazmanianS_DeCastroFonsecaM_4","CALTEC-001-220","CALTEC-001-220","Parkinson Disease","NCIT:C26845","feces","UBERON:0001988","Mus musculus","NCBITaxon:10090","Case","NCIT:C49152",5,NA,NA,"Month","NCIT:C29846",NA,NA,NA,NA,"Kaelyn Long"
"MazmanianS_DeCastroFonsecaM_4:CALTEC-001-221","MazmanianS_DeCastroFonsecaM_4","CALTEC-001-221","CALTEC-001-221","Parkinson Disease","NCIT:C26845","feces","UBERON:0001988","Mus musculus","NCBITaxon:10090","Case","NCIT:C49152",5,NA,NA,"Month","NCIT:C29846",NA,NA,NA,NA,"Kaelyn Long"
"MazmanianS_DeCastroFonsecaM_4:CALTEC-001-222","MazmanianS_DeCastroFonsecaM_4","CALTEC-001-222","CALTEC-001-222","Parkinson Disease","NCIT:C26845","feces","UBERON:0001988","Mus musculus","NCBITaxon:10090","Case","NCIT:C49152",5,NA,NA,"Month","NCIT:C29846",NA,NA,NA,NA,"Kaelyn Long"
"MazmanianS_DeCastroFonsecaM_4:CALTEC-001-223","MazmanianS_DeCastroFonsecaM_4","CALTEC-001-223","CALTEC-001-223","Parkinson Disease","NCIT:C26845","feces","UBERON:0001988","Mus musculus","NCBITaxon:10090","Case","NCIT:C49152",5,NA,NA,"Month","NCIT:C29846",NA,NA,NA,NA,"Kaelyn Long"
"MazmanianS_DeCastroFonsecaM_4:CALTEC-001-224","MazmanianS_DeCastroFonsecaM_4","CALTEC-001-224","CALTEC-001-224","Parkinson Disease","NCIT:C26845","feces","UBERON:0001988","Mus musculus","NCBITaxon:10090","Case","NCIT:C49152",5,NA,NA,"Month","NCIT:C29846",NA,NA,NA,NA,"Kaelyn Long"
"MazmanianS_DeCastroFonsecaM_4:CALTEC-001-225","MazmanianS_DeCastroFonsecaM_4","CALTEC-001-225","CALTEC-001-225","Parkinson Disease","NCIT:C26845","feces","UBERON:0001988","Mus musculus","NCBITaxon:10090","Study Control","NCIT:C142703",5,NA,NA,"Month","NCIT:C29846",NA,NA,NA,NA,"Kaelyn Long"
"MazmanianS_DeCastroFonsecaM_4:CALTEC-001-226","MazmanianS_DeCastroFonsecaM_4","CALTEC-001-226","CALTEC-001-226","Parkinson Disease","NCIT:C26845","feces","UBERON:0001988","Mus musculus","NCBITaxon:10090","Study Control","NCIT:C142703",5,NA,NA,"Month","NCIT:C29846",NA,NA,NA,NA,"Kaelyn Long"
"MazmanianS_DeCastroFonsecaM_4:CALTEC-001-227","MazmanianS_DeCastroFonsecaM_4","CALTEC-001-227","CALTEC-001-227","Parkinson Disease","NCIT:C26845","feces","UBERON:0001988","Mus musculus","NCBITaxon:10090","Study Control","NCIT:C142703",5,NA,NA,"Month","NCIT:C29846",NA,NA,NA,NA,"Kaelyn Long"
"MazmanianS_DeCastroFonsecaM_4:CALTEC-001-228","MazmanianS_DeCastroFonsecaM_4","CALTEC-001-228","CALTEC-001-228","Parkinson Disease","NCIT:C26845","feces","UBERON:0001988","Mus musculus","NCBITaxon:10090","Study Control","NCIT:C142703",5,NA,NA,"Month","NCIT:C29846",NA,NA,NA,NA,"Kaelyn Long"
"MazmanianS_DeCastroFonsecaM_4:CALTEC-001-229","MazmanianS_DeCastroFonsecaM_4","CALTEC-001-229","CALTEC-001-229","Parkinson Disease","NCIT:C26845","feces","UBERON:0001988","Mus musculus","NCBITaxon:10090","Study Control","NCIT:C142703",5,NA,NA,"Month","NCIT:C29846",NA,NA,NA,NA,"Kaelyn Long"
"MazmanianS_DeCastroFonsecaM_4:CALTEC-001-230","MazmanianS_DeCastroFonsecaM_4","CALTEC-001-230","CALTEC-001-230","Parkinson Disease","NCIT:C26845","feces","UBERON:0001988","Mus musculus","NCBITaxon:10090","Study Control","NCIT:C142703",5,NA,NA,"Month","NCIT:C29846",NA,NA,NA,NA,"Kaelyn Long"
"MazmanianS_DeCastroFonsecaM_4:CALTEC-001-231","MazmanianS_DeCastroFonsecaM_4","CALTEC-001-231","CALTEC-001-231","Parkinson Disease","NCIT:C26845","feces","UBERON:0001988","Mus musculus","NCBITaxon:10090","Study Control","NCIT:C142703",5,NA,NA,"Month","NCIT:C29846",NA,NA,NA,NA,"Kaelyn Long"
"MazmanianS_DeCastroFonsecaM_4:CALTEC-001-232","MazmanianS_DeCastroFonsecaM_4","CALTEC-001-232","CALTEC-001-232","Parkinson Disease","NCIT:C26845","feces","UBERON:0001988","Mus musculus","NCBITaxon:10090","Study Control","NCIT:C142703",5,NA,NA,"Month","NCIT:C29846",NA,NA,NA,NA,"Kaelyn Long"
"MazmanianS_DeCastroFonsecaM_4:CALTEC-001-233","MazmanianS_DeCastroFonsecaM_4","CALTEC-001-233","CALTEC-001-233","Parkinson Disease","NCIT:C26845","feces","UBERON:0001988","Mus musculus","NCBITaxon:10090","Study Control","NCIT:C142703",5,NA,NA,"Month","NCIT:C29846",NA,NA,NA,NA,"Kaelyn Long"
"MazmanianS_DeCastroFonsecaM_4:CALTEC-001-234","MazmanianS_DeCastroFonsecaM_4","CALTEC-001-234","CALTEC-001-234","Parkinson Disease","NCIT:C26845","feces","UBERON:0001988","Mus musculus","NCBITaxon:10090","Study Control","NCIT:C142703",5,NA,NA,"Month","NCIT:C29846",NA,NA,NA,NA,"Kaelyn Long"
